test_case,metric_type,trial_num,best
1,MC_SA,0,0.722742
1,SA,1,0.7225558146263821
1,MC_Avg,0,502930.8452282483
1,Avg,1,503564.0435116617
2,MC_SA,0,0.875403
2,SA,1,0.8753424830943378
2,MC_Avg,0,3380756.595471608
2,Avg,1,3380313.666216706
3,MC_SA,0,0.909701
3,SA,1,0.9095207116564945
3,MC_Avg,0,1053328.7242844321
3,Avg,1,1053253.763928105
4,MC_SA,0,0.857763
4,SA,1,0.8582570889069265
4,MC_Avg,0,1445306.2093771587
4,Avg,1,1445825.7816695436
5,MC_SA,0,0.879435
5,SA,1,0.8796041160341433
5,MC_Avg,0,821737.3183535523
5,Avg,1,820110.0417187096
6,MC_SA,0,0.960472
6,SA,1,0.9602088347853734
6,MC_Avg,0,2803188.235909662
6,Avg,1,2803386.0554835405
7,MC_SA,0,0.702325
7,SA,1,0.7026044560044373
7,MC_Avg,0,269154.69618082733
7,Avg,1,270791.78133365855
8,MC_SA,0,0.839216
8,SA,1,0.8394555404379207
8,MC_Avg,0,3171904.132506008
8,Avg,1,3171851.116667807
9,MC_SA,0,0.691824
9,SA,1,0.6919376009677913
9,MC_Avg,0,-86006.32077617178
9,Avg,1,-87771.99230378734
10,MC_SA,0,0.963205
10,SA,1,0.9633162769939055
10,MC_Avg,0,2746946.5287129367
10,Avg,1,2749766.842681668
11,MC_SA,0,0.12172
11,SA,1,0.12213411961008334
11,MC_Avg,0,-659333.02319
11,Avg,1,-659295.5632575497
12,MC_SA,0,0.999203
12,SA,1,0.9992448464218668
12,MC_Avg,0,3371261.3371792547
12,Avg,1,3371696.2311441624
13,MC_SA,0,0.743839
13,SA,1,0.7417432635218741
13,MC_Avg,0,267583.81944493303
13,Avg,1,267788.63862229453
14,MC_SA,0,0.904017
14,SA,1,0.9043994594233729
14,MC_Avg,0,325632.86683921376
14,Avg,1,325606.04591900937
15,MC_SA,0,0.945549
15,SA,1,0.9455827601145239
15,MC_Avg,0,882430.7229357668
15,Avg,1,882026.4996531047
16,MC_SA,0,0.882992
16,SA,1,0.8828285748076621
16,MC_Avg,0,-58943.131953854536
16,Avg,1,-58741.41758234447
17,MC_SA,0,0.446112
17,SA,1,0.4457610099125888
17,MC_Avg,0,-182391.66429057487
17,Avg,1,-183003.34640845843
18,MC_SA,0,0.14816
18,SA,1,0.14665076671582505
18,MC_Avg,0,-583492.2700100038
18,Avg,1,-583357.2396963047
19,MC_SA,0,0.532307
19,SA,1,0.5320124499892172
19,MC_Avg,0,3139.2042292630476
19,Avg,1,2185.3704428102064
20,MC_SA,0,0.958309
20,SA,1,0.9609888000233198
20,MC_Avg,0,891747.040509726
20,Avg,1,891784.660538837
21,MC_SA,0,0.746874
21,SA,1,0.7534672935906436
21,MC_Avg,0,1704320.4683403105
21,Avg,1,1704320.4161524894
22,MC_SA,0,0.70156
22,SA,1,0.6887553450323631
22,MC_Avg,0,-725532.3760314218
22,Avg,1,-726317.0478029165
23,MC_SA,0,0.81205
23,SA,1,0.8387183420335732
23,MC_Avg,0,-41754.54609537329
23,Avg,1,-43273.07665773167
24,MC_SA,0,0.962681
24,SA,1,0.9627818103619046
24,MC_Avg,0,-639758.7348782578
24,Avg,1,-643047.0319489201
25,MC_SA,0,0.709263
25,SA,1,0.6988691023527889
25,MC_Avg,0,603153.6437015367
25,Avg,1,603626.1336787484
26,MC_SA,0,0.90541
26,SA,1,0.9086763330057
26,MC_Avg,0,324542.8822023204
26,Avg,1,316176.4632553137
27,MC_SA,0,0.27783
27,SA,1,0.2725994619056603
27,MC_Avg,0,-2929721.4561063834
27,Avg,1,-2920271.9567825804
28,MC_SA,0,0.686087
28,SA,1,0.678484346331788
28,MC_Avg,0,-2325383.0645158524
28,Avg,1,-2313984.965991448
29,MC_SA,0,0.887721
29,SA,1,0.8942863807052132
29,MC_Avg,0,1260845.7986735937
29,Avg,1,1260728.1570702991
30,MC_SA,0,0.831661
30,SA,1,0.8367950608344598
30,MC_Avg,0,-1211379.7845190442
30,Avg,1,-1211132.3819514345
31,MC_SA,0,0.746357
31,SA,1,0.7534672935906436
31,MC_Avg,0,1704320.4739841097
31,Avg,1,1704320.4161524894
32,MC_SA,0,0.25461
32,SA,1,0.2506196917954281
32,MC_Avg,0,-3950697.3839372206
32,Avg,1,-3949470.244254793
33,MC_SA,0,0.610207
33,SA,1,0.6026154126874425
33,MC_Avg,0,-1545244.6696699036
33,Avg,1,-1547877.6961168973
34,MC_SA,0,0.069532
34,SA,1,0.06762309977288142
34,MC_Avg,0,-3695639.8007556093
34,Avg,1,-3690476.680309656
35,MC_SA,0,0.515634
35,SA,1,0.49694785848357426
35,MC_Avg,0,-1105084.488902054
35,Avg,1,-1103619.0181903779
36,MC_SA,0,0.477846
36,SA,1,0.45982089836256884
36,MC_Avg,0,-817926.4923138784
36,Avg,1,-812668.3858396647
37,MC_SA,0,0.385199
37,SA,1,0.3749104067803064
37,MC_Avg,0,-961510.9043592861
37,Avg,1,-959831.0811716521
38,MC_SA,0,0.580657
38,SA,1,0.5472068414415786
38,MC_Avg,0,-1307539.36377825
38,Avg,1,-1308144.8016451756
39,MC_SA,0,0.748439
39,SA,1,0.7552431833169166
39,MC_Avg,0,38127.47389465702
39,Avg,1,32865.752105764375
40,MC_SA,0,0.762061
40,SA,1,0.7724805182452278
40,MC_Avg,0,-427032.4467205287
40,Avg,1,-428554.5018276328
41,MC_SA,0,0.0
41,SA,1,0.0
41,MC_Avg,0,-5259860.89272301
41,Avg,1,-5259860.780294266
42,MC_SA,0,0.764348
42,SA,1,0.7701578650740163
42,MC_Avg,0,1167220.5907973873
42,Avg,1,1165636.0590489001
43,MC_SA,0,0.849614
43,SA,1,0.8582490887691496
43,MC_Avg,0,2037871.1130699553
43,Avg,1,2035841.9376851316
44,MC_SA,0,0.843581
44,SA,1,0.8515166135551073
44,MC_Avg,0,2142744.773236185
44,Avg,1,2134927.488792938
45,MC_SA,0,0.763074
45,SA,1,0.772832247160005
45,MC_Avg,0,4658882.598474104
45,Avg,1,4662371.602610812
46,MC_SA,0,0.458077
46,SA,1,0.42433280763227843
46,MC_Avg,0,-1342593.4200119888
46,Avg,1,-1341096.1302538621
47,MC_SA,0,0.855573
47,SA,1,0.8642677691341613
47,MC_Avg,0,941573.3808477217
47,Avg,1,940669.8761762471
48,MC_SA,0,0.610717
48,SA,1,0.5869690678011964
48,MC_Avg,0,196419.75671622058
48,Avg,1,196422.71586989274
49,MC_SA,0,0.883809
49,SA,1,0.8866647661073631
49,MC_Avg,0,1911425.014289575
49,Avg,1,1908855.273626477
50,MC_SA,0,0.873354
50,SA,1,0.8828626741387241
50,MC_Avg,0,936917.276755664
50,Avg,1,941470.5426118529
51,MC_SA,0,0.490935
51,SA,1,0.49170492624141593
51,MC_Avg,0,-207138.38275
51,Avg,1,-207610.26675488468
52,MC_SA,0,0.949529
52,SA,1,0.9496114145551312
52,MC_Avg,0,1303135.2191852836
52,Avg,1,1303079.0984450425
53,MC_SA,0,0.873385
53,SA,1,0.8734697415640441
53,MC_Avg,0,262681.33414460206
53,Avg,1,262870.82770334353
54,MC_SA,0,0.963169
54,SA,1,0.9629691195040382
54,MC_Avg,0,3359000.58465904
54,Avg,1,3359991.3500845674
55,MC_SA,0,0.989423
55,SA,1,0.9895286585756891
55,MC_Avg,0,457425.50752880424
55,Avg,1,457398.3000276107
56,MC_SA,0,0.942534
56,SA,1,0.9427247517085102
56,MC_Avg,0,366452.07045744365
56,Avg,1,366445.7237821433
57,MC_SA,0,0.28353
57,SA,1,0.2835898815296399
57,MC_Avg,0,-311177.4400455653
57,Avg,1,-311670.7385540185
58,MC_SA,0,0.973913
58,SA,1,0.9739204359987809
58,MC_Avg,0,4083875.250577977
58,Avg,1,4083742.788323166
59,MC_SA,0,0.586343
59,SA,1,0.5861384315373724
59,MC_Avg,0,-189693.33066923977
59,Avg,1,-189017.67074192426
60,MC_SA,0,0.958989
60,SA,1,0.9588065953938194
60,MC_Avg,0,485220.58491806115
60,Avg,1,485297.8319080675
61,MC_SA,0,1.0
61,SA,1,1.0
61,MC_Avg,0,4182334.4333925587
61,Avg,1,4182334.2090991666
62,MC_SA,0,0.465029
62,SA,1,0.4650291530981207
62,MC_Avg,0,-2587763.6394162024
62,Avg,1,-2587763.402923123
63,MC_SA,0,0.402493
63,SA,1,0.40249303058674585
63,MC_Avg,0,-1714368.690220318
63,Avg,1,-1714368.809235075
64,MC_SA,0,0.75326
64,SA,1,0.7532596934805899
64,MC_Avg,0,118965.14492434212
64,Avg,1,118965.05042034708
65,MC_SA,0,0.732602
65,SA,1,0.7326017608019051
65,MC_Avg,0,1931906.6868790782
65,Avg,1,1931906.7773892176
66,MC_SA,0,0.352468
66,SA,1,0.35246772696569734
66,MC_Avg,0,-2196191.781407429
66,Avg,1,-2196191.820599009
67,MC_SA,0,0.737922
67,SA,1,0.7379229857619471
67,MC_Avg,0,-27327.561360367286
67,Avg,1,-27327.528397043236
68,MC_SA,0,0.760588
68,SA,1,0.7605881273245229
68,MC_Avg,0,33452.694814560105
68,Avg,1,33452.74546770222
69,MC_SA,0,0.431777
69,SA,1,0.43177681734209167
69,MC_Avg,0,-1001073.1999027726
69,Avg,1,-1001073.1356134496
70,MC_SA,0,0.642119
70,SA,1,0.6421196117645385
70,MC_Avg,0,-1212966.5740946315
70,Avg,1,-1212966.8933964742
71,MC_SA,0,1.0
71,SA,1,1.0
71,MC_Avg,0,4182334.374552527
71,Avg,1,4182334.2090991666
72,MC_SA,0,0.645698
72,SA,1,0.6456984156468931
72,MC_Avg,0,340580.52139085095
72,Avg,1,340580.2972886701
73,MC_SA,0,0.3717
73,SA,1,0.3717000830070891
73,MC_Avg,0,-1926604.985956968
73,Avg,1,-1926604.967035851
74,MC_SA,0,0.762982
74,SA,1,0.7629822460512776
74,MC_Avg,0,2051701.781307534
74,Avg,1,2051701.8864760292
75,MC_SA,0,0.319097
75,SA,1,0.31909668970522564
75,MC_Avg,0,-3079582.7979898066
75,Avg,1,-3079582.7054187916
76,MC_SA,0,0.486109
76,SA,1,0.48610913899973385
76,MC_Avg,0,-11833.902750467078
76,Avg,1,-11833.72167701344
77,MC_SA,0,0.616035
77,SA,1,0.616035089128564
77,MC_Avg,0,-229352.0750284765
77,Avg,1,-229352.2495704539
78,MC_SA,0,0.779084
78,SA,1,0.7790839647056507
78,MC_Avg,0,575915.6484841333
78,Avg,1,575915.7230354133
79,MC_SA,0,0.735276
79,SA,1,0.735275743193886
79,MC_Avg,0,11320.42702602516
79,Avg,1,11320.21994947466
80,MC_SA,0,0.414383
80,SA,1,0.4143834192780696
80,MC_Avg,0,-2260485.449558056
80,Avg,1,-2260485.5038572336
81,MC_SA,0,0.0
81,SA,1,0.0
81,MC_Avg,0,-2781662.08422
81,Avg,1,-2781662.1909008333
82,MC_SA,0,0.596248
82,SA,1,0.5962471837514899
82,MC_Avg,0,-192927.79827821185
82,Avg,1,-192927.76672781882
83,MC_SA,0,0.558024
83,SA,1,0.5580238716229158
83,MC_Avg,0,378451.35357312567
83,Avg,1,378451.4839549634
84,MC_SA,0,0.480918
84,SA,1,0.4809183222219534
84,MC_Avg,0,-2561229.5841796286
84,Avg,1,-2561229.5941526312
85,MC_SA,0,0.58805
85,SA,1,0.5880493661376287
85,MC_Avg,0,-357925.839017708
85,Avg,1,-357925.7775037019
86,MC_SA,0,0.42024
86,SA,1,0.4202395850852889
86,MC_Avg,0,-1048043.5359138806
86,Avg,1,-1048043.3272028522
87,MC_SA,0,0.735276
87,SA,1,0.735275743193886
87,MC_Avg,0,1151479.058263904
87,Avg,1,1151479.247539158
88,MC_SA,0,0.767699
88,SA,1,0.7676988993548571
88,MC_Avg,0,384786.36322180537
88,Avg,1,384786.4025031914
89,MC_SA,0,0.785646
89,SA,1,0.7856453918699282
89,MC_Avg,0,-263498.0866238575
89,Avg,1,-263497.9237102878
90,MC_SA,0,0.718821
90,SA,1,0.7188212019397966
90,MC_Avg,0,1154226.019614667
90,Avg,1,1154226.1303410083
91,MC_SA,0,0.217614
91,SA,1,0.21555664439397126
91,MC_Avg,0,-2104381.78608337
91,Avg,1,-2104273.348013496
92,MC_SA,0,0.602775
92,SA,1,0.5865250382462894
92,MC_Avg,0,-1113023.2811775676
92,Avg,1,-1102300.3448047682
93,MC_SA,0,0.840158
93,SA,1,0.8425288241075564
93,MC_Avg,0,3076379.5000701337
93,Avg,1,3074078.1448216545
94,MC_SA,0,0.893055
94,SA,1,0.8939120832778326
94,MC_Avg,0,2558724.270101873
94,Avg,1,2556023.2232119595
95,MC_SA,0,0.584872
95,SA,1,0.5680880794185702
95,MC_Avg,0,51174.7746048652
95,Avg,1,52494.97562634139
96,MC_SA,0,0.932229
96,SA,1,0.936089797662695
96,MC_Avg,0,2525664.1879003053
96,Avg,1,2525619.843479121
97,MC_SA,0,0.488111
97,SA,1,0.47098734142094545
97,MC_Avg,0,-1186003.2832915594
97,Avg,1,-1185581.1645763386
98,MC_SA,0,0.691238
98,SA,1,0.6838938042132839
98,MC_Avg,0,1033298.1254169551
98,Avg,1,1033221.470967793
99,MC_SA,0,0.557831
99,SA,1,0.5403302844758757
99,MC_Avg,0,332989.38316851284
99,Avg,1,329678.9104307638
100,MC_SA,0,0.420773
100,SA,1,0.41382581439485416
100,MC_Avg,0,-2175052.1484412607
100,Avg,1,-2173383.649760056
101,MC_SA,0,0.707788
101,SA,1,0.7074775406444122
101,MC_Avg,0,1164720.3045680383
101,Avg,1,1164223.1873324097
102,MC_SA,0,0.755767
102,SA,1,0.7556216037884742
102,MC_Avg,0,807014.7206522521
102,Avg,1,806706.5708791683
103,MC_SA,0,0.770081
103,SA,1,0.7701514009269609
103,MC_Avg,0,959872.0725390256
103,Avg,1,960053.7507967602
104,MC_SA,0,0.808684
104,SA,1,0.8084739957728359
104,MC_Avg,0,2256023.365031607
104,Avg,1,2255667.770027415
105,MC_SA,0,0.779029
105,SA,1,0.7792185127755252
105,MC_Avg,0,2273513.8267657836
105,Avg,1,2272011.4014517735
106,MC_SA,0,0.440402
106,SA,1,0.4404471927496889
106,MC_Avg,0,-590469.0973378208
106,Avg,1,-589513.9115001152
107,MC_SA,0,0.665051
107,SA,1,0.6651445766076876
107,MC_Avg,0,1161411.845012011
107,Avg,1,1161402.201125251
108,MC_SA,0,0.713811
108,SA,1,0.7137634964396282
108,MC_Avg,0,247606.73842575453
108,Avg,1,247769.38575537005
109,MC_SA,0,0.891665
109,SA,1,0.8915773574928367
109,MC_Avg,0,293369.03702623997
109,Avg,1,293835.4411271047
110,MC_SA,0,0.397174
110,SA,1,0.3975013652113878
110,MC_Avg,0,-2573141.8676803834
110,Avg,1,-2571666.5717707947
111,MC_SA,0,0.553487
111,SA,1,0.5549652522867884
111,MC_Avg,0,263095.4601512633
111,Avg,1,261934.7940380847
112,MC_SA,0,0.552451
112,SA,1,0.5526285500843093
112,MC_Avg,0,-617144.9559016785
112,Avg,1,-613513.6150910902
113,MC_SA,0,0.658861
113,SA,1,0.670121028866806
113,MC_Avg,0,205649.00295158627
113,Avg,1,205414.92079133954
114,MC_SA,0,0.692685
114,SA,1,0.6921334982386248
114,MC_Avg,0,438059.6262422319
114,Avg,1,437036.98555743
115,MC_SA,0,0.591325
115,SA,1,0.5942143099843651
115,MC_Avg,0,5965806.770498393
115,Avg,1,5964584.055136158
116,MC_SA,0,0.971444
116,SA,1,0.9734155286725676
116,MC_Avg,0,13788696.801252324
116,Avg,1,13787366.003232233
117,MC_SA,0,0.425044
117,SA,1,0.42073426539704123
117,MC_Avg,0,-1871518.4225395385
117,Avg,1,-1871193.7563212358
118,MC_SA,0,0.755979
118,SA,1,0.7564146729497667
118,MC_Avg,0,856517.1741401063
118,Avg,1,857886.453033167
119,MC_SA,0,0.702943
119,SA,1,0.7029304323884652
119,MC_Avg,0,-448175.85087044886
119,Avg,1,-455331.887766945
120,MC_SA,0,0.937364
120,SA,1,0.9375559773691013
120,MC_Avg,0,1948401.3123621077
120,Avg,1,1948735.8852040642
121,MC_SA,0,0.765111
121,SA,1,0.7708322898108417
121,MC_Avg,0,1895892.7456330785
121,Avg,1,1895726.6519865044
122,MC_SA,0,0.836094
122,SA,1,0.8379864107935426
122,MC_Avg,0,2926522.489661021
122,Avg,1,2928316.5951491725
123,MC_SA,0,0.661953
123,SA,1,0.653224758065262
123,MC_Avg,0,300435.6285728944
123,Avg,1,300719.8787446631
124,MC_SA,0,0.329758
124,SA,1,0.32439103837717975
124,MC_Avg,0,920856.0228943971
124,Avg,1,926053.2107445052
125,MC_SA,0,0.211021
125,SA,1,0.21000819172533122
125,MC_Avg,0,-2716334.246300258
125,Avg,1,-2714190.7817400116
126,MC_SA,0,0.839122
126,SA,1,0.8642648226342431
126,MC_Avg,0,2860429.172057674
126,Avg,1,2862741.435858976
127,MC_SA,0,0.76515
127,SA,1,0.768123002355326
127,MC_Avg,0,2320044.7736648363
127,Avg,1,2319794.977652162
128,MC_SA,0,0.220307
128,SA,1,0.21886051121246294
128,MC_Avg,0,-6007988.651357466
128,Avg,1,-6009916.633720465
129,MC_SA,0,0.534742
129,SA,1,0.49735734017185956
129,MC_Avg,0,-460592.5030818321
129,Avg,1,-460504.27436568815
130,MC_SA,0,0.859592
130,SA,1,0.8678943785867251
130,MC_Avg,0,3923484.969911149
130,Avg,1,3920132.6035700287
131,MC_SA,0,0.982987
131,SA,1,0.9828938764919994
131,MC_Avg,0,5164304.205853945
131,Avg,1,5164223.187332411
132,MC_SA,0,0.802554
132,SA,1,0.8025947050597312
132,MC_Avg,0,2380429.418794862
132,Avg,1,2379618.7409211304
133,MC_SA,0,0.589155
133,SA,1,0.588750007586277
133,MC_Avg,0,-1387592.4483245108
133,Avg,1,-1387632.1101833736
134,MC_SA,0,0.941963
134,SA,1,0.9420142448278421
134,MC_Avg,0,3451726.0714698266
134,Avg,1,3452347.7597473655
135,MC_SA,0,0.775549
135,SA,1,0.7753463719974745
135,MC_Avg,0,1117760.705477239
135,Avg,1,1117886.9804777305
136,MC_SA,0,0.484106
136,SA,1,0.4837583122460611
136,MC_Avg,0,-829859.1533787585
136,Avg,1,-829528.1933892121
137,MC_SA,0,0.777612
137,SA,1,0.7777049806223666
137,MC_Avg,0,704120.738854509
137,Avg,1,704399.9341101157
138,MC_SA,0,0.648026
138,SA,1,0.6482133784496582
138,MC_Avg,0,-122733.3166996053
138,Avg,1,-122931.39268066823
139,MC_SA,0,0.865731
139,SA,1,0.8658624337588963
139,MC_Avg,0,3831375.639655877
139,Avg,1,3831482.7401944627
140,MC_SA,0,0.606887
140,SA,1,0.6069262694166422
140,MC_Avg,0,-251038.70378550628
140,Avg,1,-250880.755473126
141,MC_SA,0,0.901646
141,SA,1,0.9005773966619379
141,MC_Avg,0,4262144.792006457
141,Avg,1,4261934.794038083
142,MC_SA,0,0.26045
142,SA,1,0.2506781143983661
142,MC_Avg,0,-1330704.3828186463
142,Avg,1,-1331815.0322731487
143,MC_SA,0,0.877599
143,SA,1,0.8746472828615135
143,MC_Avg,0,1053367.967054216
143,Avg,1,1052147.061006203
144,MC_SA,0,0.300368
144,SA,1,0.29405529408468506
144,MC_Avg,0,-2057989.1734325138
144,Avg,1,-2057109.3902815862
145,MC_SA,0,0.872488
145,SA,1,0.870063910957277
145,MC_Avg,0,90223.12121446895
145,Avg,1,88164.69397302756
146,MC_SA,0,0.742694
146,SA,1,0.7447267413667369
146,MC_Avg,0,1070593.7057090702
146,Avg,1,1070444.238969312
147,MC_SA,0,0.648986
147,SA,1,0.6513573273149691
147,MC_Avg,0,-771589.9109072757
147,Avg,1,-771395.1376598652
148,MC_SA,0,0.512381
148,SA,1,0.5126358923691412
148,MC_Avg,0,-53006.349159461395
148,Avg,1,-53228.73369394354
149,MC_SA,0,0.468064
149,SA,1,0.4662154529314246
149,MC_Avg,0,-319633.4630302405
149,Avg,1,-318634.31634788774
150,MC_SA,0,0.916129
150,SA,1,0.9145592752255682
150,MC_Avg,0,9071358.862631168
150,Avg,1,9071444.72444483
151,MC_SA,0,0.212703
151,SA,1,0.21006018532552612
151,MC_Avg,0,-2143234.342160195
151,Avg,1,-2143033.3480134956
152,MC_SA,0,0.997058
152,SA,1,0.9971556424311216
152,MC_Avg,0,9491500.14970871
152,Avg,1,9484823.44597775
153,MC_SA,0,0.428079
153,SA,1,0.41875807414757593
153,MC_Avg,0,-3795515.3295358513
153,Avg,1,-3786352.662525263
154,MC_SA,0,0.771483
154,SA,1,0.7799013924699506
154,MC_Avg,0,578690.2667656264
154,Avg,1,579265.5507975033
155,MC_SA,0,0.944157
155,SA,1,0.9478687404541045
155,MC_Avg,0,923475.7799457101
155,Avg,1,927367.5448606331
156,MC_SA,0,0.988352
156,SA,1,0.9878498791351615
156,MC_Avg,0,1693839.3604741436
156,Avg,1,1693303.613016916
157,MC_SA,0,0.97821
157,SA,1,0.9776967586723667
157,MC_Avg,0,3704206.913105188
157,Avg,1,3703847.421040172
158,MC_SA,0,0.43587
158,SA,1,0.40775031128973416
158,MC_Avg,0,-1216306.1963136687
158,Avg,1,-1215361.0391982216
159,MC_SA,0,0.197451
159,SA,1,0.1924823501652596
159,MC_Avg,0,-4198846.327126861
159,Avg,1,-4195269.327528938
160,MC_SA,0,0.979514
160,SA,1,0.9804191406759439
160,MC_Avg,0,3735001.9230677392
160,Avg,1,3734368.976793715
161,MC_SA,0,0.544239
161,SA,1,0.5448140318540358
161,MC_Avg,0,-130406.99290570673
161,Avg,1,-130166.81266759062
162,MC_SA,0,1.0
162,SA,1,1.0
162,MC_Avg,0,964163.9726580739
162,Avg,1,962612.1233964523
163,MC_SA,0,0.704134
163,SA,1,0.7041017209432838
163,MC_Avg,0,-1474943.8423853086
163,Avg,1,-1474595.0065709553
164,MC_SA,0,0.967103
164,SA,1,0.9670693123075189
164,MC_Avg,0,3538219.216139186
164,Avg,1,3538592.876765862
165,MC_SA,0,0.484392
165,SA,1,0.4849234159495582
165,MC_Avg,0,-1237836.2146113517
165,Avg,1,-1238295.9813873996
166,MC_SA,0,0.96926
166,SA,1,0.9692989015360038
166,MC_Avg,0,4461601.154417872
166,Avg,1,4463531.606448468
167,MC_SA,0,0.960262
167,SA,1,0.9603370430825319
167,MC_Avg,0,2192188.8626677347
167,Avg,1,2191286.310742864
168,MC_SA,0,0.897845
168,SA,1,0.8979030746970065
168,MC_Avg,0,999893.6003743968
168,Avg,1,999763.6588190979
169,MC_SA,0,0.830166
169,SA,1,0.8302054953677518
169,MC_Avg,0,1664654.8391209315
169,Avg,1,1665286.7733309465
170,MC_SA,0,0.980174
170,SA,1,0.9801587781664485
170,MC_Avg,0,7060007.008108282
170,Avg,1,7061770.491814376
171,MC_SA,0,0.780544
171,SA,1,0.7800632280076321
171,MC_Avg,0,2455934.9300666787
171,Avg,1,2456284.7940380853
172,MC_SA,0,0.957451
172,SA,1,0.9578169560112386
172,MC_Avg,0,15007995.077650359
172,Avg,1,15009806.823249493
173,MC_SA,0,0.489876
173,SA,1,0.48816377931152244
173,MC_Avg,0,-2050680.5242498694
173,Avg,1,-2051426.3765737882
174,MC_SA,0,0.961142
174,SA,1,0.9618182938629393
174,MC_Avg,0,3395356.260262284
174,Avg,1,3395533.1274304977
175,MC_SA,0,0.996597
175,SA,1,0.9964905069942562
175,MC_Avg,0,2714119.9874438057
175,Avg,1,2712420.169401389
176,MC_SA,0,0.999329
176,SA,1,0.9993485924569471
176,MC_Avg,0,4839420.748204282
176,Avg,1,4837479.651030305
177,MC_SA,0,0.980994
177,SA,1,0.9821162683581874
177,MC_Avg,0,7639531.732037431
177,Avg,1,7637777.423650251
178,MC_SA,0,0.341023
178,SA,1,0.3353672907884935
178,MC_Avg,0,-2519601.24512993
178,Avg,1,-2515320.8961727186
179,MC_SA,0,0.633918
179,SA,1,0.6336713733916405
179,MC_Avg,0,-2139540.6329967496
179,Avg,1,-2124160.34306522
180,MC_SA,0,1.0
180,SA,1,1.0
180,MC_Avg,0,17964470.17772923
180,Avg,1,17965888.86501555
181,MC_SA,0,0.370113
181,SA,1,0.36043051046667135
181,MC_Avg,0,-1143753.0885065594
181,Avg,1,-1143033.3480134946
182,MC_SA,0,0.464271
182,SA,1,0.44497174020562597
182,MC_Avg,0,-1723826.3530795139
182,Avg,1,-1711450.3747772053
183,MC_SA,0,0.976431
183,SA,1,0.9773140208193083
183,MC_Avg,0,7076099.605256532
183,Avg,1,7078439.475362446
184,MC_SA,0,0.949314
184,SA,1,0.9512139744449851
184,MC_Avg,0,3393000.246628087
184,Avg,1,3393794.063354166
185,MC_SA,0,0.988287
185,SA,1,0.9873959240757073
185,MC_Avg,0,5066242.340789792
185,Avg,1,5065199.176994811
186,MC_SA,0,0.837351
186,SA,1,0.8440749299967354
186,MC_Avg,0,1472247.4208320216
186,Avg,1,1470038.5487517456
187,MC_SA,0,0.309311
187,SA,1,0.30279573688253375
187,MC_Avg,0,-4420633.661871388
187,Avg,1,-4421803.325268854
188,MC_SA,0,0.130554
188,SA,1,0.12722496025797522
188,MC_Avg,0,-3963182.521930559
188,Avg,1,-3963404.418182057
189,MC_SA,0,0.873319
189,SA,1,0.8805250197523481
189,MC_Avg,0,476271.07646067097
189,Avg,1,476339.5727530387
190,MC_SA,0,0.692356
190,SA,1,0.6847242270172796
190,MC_Avg,0,-824412.9693205506
190,Avg,1,-829804.8797190153
191,MC_SA,0,0.856446
191,SA,1,0.8566647724645359
191,MC_Avg,0,2869641.8551203366
191,Avg,1,2869833.18733241
192,MC_SA,0,0.848834
192,SA,1,0.8487053495379018
192,MC_Avg,0,968275.6865777863
192,Avg,1,967101.8328552244
193,MC_SA,0,1.0
193,SA,1,1.0
193,MC_Avg,0,2008083.4436149662
193,Avg,1,2008427.359912799
194,MC_SA,0,0.939312
194,SA,1,0.9393127262971679
194,MC_Avg,0,4442814.555260756
194,Avg,1,4443738.47903138
195,MC_SA,0,0.917762
195,SA,1,0.9175780035879175
195,MC_Avg,0,1349715.1339841946
195,Avg,1,1350001.5171662618
196,MC_SA,0,0.558017
196,SA,1,0.558569190359026
196,MC_Avg,0,-1665417.607475766
196,Avg,1,-1665696.306273086
197,MC_SA,0,0.305293
197,SA,1,0.30514574660810184
197,MC_Avg,0,-3517041.6776945055
197,Avg,1,-3516151.249645908
198,MC_SA,0,0.798205
198,SA,1,0.7986204703221996
198,MC_Avg,0,332637.2303419351
198,Avg,1,332694.59494887927
199,MC_SA,0,0.240186
199,SA,1,0.24020228098111399
199,MC_Avg,0,-1347966.0263359274
199,Avg,1,-1348324.9001174655
200,MC_SA,0,0.818494
200,SA,1,0.8185420329247974
200,MC_Avg,0,3699550.6116393465
200,Avg,1,3699954.9354134123
201,MC_SA,0,0.856619
201,SA,1,0.8544924366960359
201,MC_Avg,0,3455823.1886315993
201,Avg,1,3456284.7940380853
202,MC_SA,0,0.979344
202,SA,1,0.9798271651416669
202,MC_Avg,0,9796603.707983803
202,Avg,1,9793060.142550511
203,MC_SA,0,0.886993
203,SA,1,0.8830043723160359
203,MC_Avg,0,1285447.7855413775
203,Avg,1,1284643.4001369434
204,MC_SA,0,1.0
204,SA,1,1.0
204,MC_Avg,0,1890858.91240585
204,Avg,1,1890652.3163482307
205,MC_SA,0,0.955537
205,SA,1,0.9577655121423168
205,MC_Avg,0,7827838.998700674
205,Avg,1,7827719.4727930175
206,MC_SA,0,0.426887
206,SA,1,0.4131000272713573
206,MC_Avg,0,-1796978.732892491
206,Avg,1,-1796286.5870030108
207,MC_SA,0,1.0
207,SA,1,1.0
207,MC_Avg,0,13965496.310731212
207,Avg,1,13966676.519828089
208,MC_SA,0,1.0
208,SA,1,1.0
208,MC_Avg,0,31111171.235820897
208,Avg,1,31110713.168213718
209,MC_SA,0,0.993646
209,SA,1,0.994071502874367
209,MC_Avg,0,5828106.128595735
209,Avg,1,5824100.328578052
210,MC_SA,0,1.0
210,SA,1,1.0
210,MC_Avg,0,7623425.579238153
210,Avg,1,7622768.166849167
211,MC_SA,0,0.855272
211,SA,1,0.8617665328771232
211,MC_Avg,0,2857623.1229096386
211,Avg,1,2856966.6519865044
212,MC_SA,0,0.93049
212,SA,1,0.9335008751165046
212,MC_Avg,0,783404.9634405879
212,Avg,1,775198.1892463488
213,MC_SA,0,0.93505
213,SA,1,0.9420363851959902
213,MC_Avg,0,4176844.985674701
213,Avg,1,4175358.5492113195
214,MC_SA,0,0.986952
214,SA,1,0.9865435405219208
214,MC_Avg,0,2269483.551157434
214,Avg,1,2269172.6367542963
215,MC_SA,0,0.990913
215,SA,1,0.990501974280404
215,MC_Avg,0,3286139.836882964
215,Avg,1,3284162.592959645
216,MC_SA,0,0.980216
216,SA,1,0.9796169540607363
216,MC_Avg,0,3423855.4562306595
216,Avg,1,3421721.8117132373
217,MC_SA,0,1.0
217,SA,1,1.0
217,MC_Avg,0,6368302.286953647
217,Avg,1,6372585.151265342
218,MC_SA,0,0.819808
218,SA,1,0.8248022086999971
218,MC_Avg,0,1182968.077984013
218,Avg,1,1181521.2871549102
219,MC_SA,0,0.556268
219,SA,1,0.5432820638310201
219,MC_Avg,0,-845008.7718642242
219,Avg,1,-842298.648182046
220,MC_SA,0,1.0
220,SA,1,1.0
220,MC_Avg,0,6570702.815461388
220,Avg,1,6571326.158440988
221,MC_SA,0,1.0
221,SA,1,1.0
221,MC_Avg,0,6869683.850810471
221,Avg,1,6869833.187332412
222,MC_SA,0,0.9427
222,SA,1,0.9429660217528423
222,MC_Avg,0,2560787.4119478096
222,Avg,1,2561366.1935089505
223,MC_SA,0,1.0
223,SA,1,1.0
223,MC_Avg,0,1663113.0592692583
223,Avg,1,1663596.8195181096
224,MC_SA,0,1.0
224,SA,1,1.0
224,MC_Avg,0,10089630.1311123
224,Avg,1,10090026.978045324
225,MC_SA,0,0.686689
225,SA,1,0.6865603195275113
225,MC_Avg,0,710214.299612757
225,Avg,1,709701.5805873323
226,MC_SA,0,0.942965
226,SA,1,0.942820638365123
226,MC_Avg,0,1312000.8467383252
226,Avg,1,1312580.1382271603
227,MC_SA,0,0.353923
227,SA,1,0.3540467318017854
227,MC_Avg,0,-3914428.6905145766
227,Avg,1,-3912647.899082546
228,MC_SA,0,0.84495
228,SA,1,0.8447260273800147
228,MC_Avg,0,1327050.1271295394
228,Avg,1,1326825.5351761794
229,MC_SA,0,1.0
229,SA,1,1.0
229,MC_Avg,0,2063425.8503022983
229,Avg,1,2063210.2467885942
230,MC_SA,0,1.0
230,SA,1,1.0
230,MC_Avg,0,16427746.357409323
230,Avg,1,16429634.331810476
231,MC_SA,0,0.987011
231,SA,1,0.9875273744782884
231,MC_Avg,0,7456688.398078337
231,Avg,1,7456284.794038082
232,MC_SA,0,0.831477
232,SA,1,0.8282972487950244
232,MC_Avg,0,2391553.5676334747
232,Avg,1,2392360.7458459768
233,MC_SA,0,0.983454
233,SA,1,0.9845274464872767
233,MC_Avg,0,5301901.2983374605
233,Avg,1,5301511.534652728
234,MC_SA,0,0.99862
234,SA,1,0.998585835880531
234,MC_Avg,0,5552534.896249476
234,Avg,1,5552379.081349106
235,MC_SA,0,1.0
235,SA,1,1.0
235,MC_Avg,0,6167694.796009288
235,Avg,1,6167509.57474838
236,MC_SA,0,0.567847
236,SA,1,0.5690774551957551
236,MC_Avg,0,6639.885299868022
236,Avg,1,7838.415010019942
237,MC_SA,0,0.993477
237,SA,1,0.9935993718926306
237,MC_Avg,0,8540304.71037979
237,Avg,1,8540096.041372586
238,MC_SA,0,1.0
238,SA,1,1.0000000000000002
238,MC_Avg,0,4058736.4599416386
238,Avg,1,4059117.786992261
239,MC_SA,0,0.177833
239,SA,1,0.17368597238809325
239,MC_Avg,0,-8994258.747000275
239,Avg,1,-8991007.588828946
240,MC_SA,0,0.85826
240,SA,1,0.8568821452315746
240,MC_Avg,0,1635912.690889146
240,Avg,1,1637314.446006816
241,MC_SA,0,0.211799
241,SA,1,0.2100601853255261
241,MC_Avg,0,-2143485.5878866143
241,Avg,1,-2143033.3480134956
242,MC_SA,0,0.43172
242,SA,1,0.4220051339706917
242,MC_Avg,0,-776517.4852818704
242,Avg,1,-774692.7089403855
243,MC_SA,0,0.996264
243,SA,1,0.9963130524241833
243,MC_Avg,0,10472605.726780271
243,Avg,1,10471569.43804068
244,MC_SA,0,0.998656
244,SA,1,0.9986598590484571
244,MC_Avg,0,5422132.358900876
244,Avg,1,5421881.121011156
245,MC_SA,0,0.931828
245,SA,1,0.9369637983395199
245,MC_Avg,0,1131798.31640521
245,Avg,1,1131399.357758272
246,MC_SA,0,0.540769
246,SA,1,0.5337495408389256
246,MC_Avg,0,-550161.998371852
246,Avg,1,-547041.6749742647
247,MC_SA,0,0.951776
247,SA,1,0.9550829638028518
247,MC_Avg,0,1532067.599306771
247,Avg,1,1531620.674697337
248,MC_SA,0,0.855641
248,SA,1,0.8559373246800899
248,MC_Avg,0,1160396.4129818752
248,Avg,1,1160199.3378941994
249,MC_SA,0,0.982081
249,SA,1,0.9814667522417349
249,MC_Avg,0,8295462.469407917
249,Avg,1,8296565.635775453
250,MC_SA,0,0.793018
250,SA,1,0.8087206331102689
250,MC_Avg,0,1423215.3266971973
250,Avg,1,1423259.6871228362
251,MC_SA,0,1.0
251,SA,1,1.0
251,MC_Avg,0,1763785.3348259407
251,Avg,1,1763798.9590028415
252,MC_SA,0,1.0
252,SA,1,1.0
252,MC_Avg,0,586042.0211300356
252,Avg,1,586004.0662579626
253,MC_SA,0,1.0
253,SA,1,0.9999999505884305
253,MC_Avg,0,2643099.3801135947
253,Avg,1,2643070.7417613026
254,MC_SA,0,1.0
254,SA,1,0.9999999945449998
254,MC_Avg,0,1161877.36882422
254,Avg,1,1161837.2609431352
255,MC_SA,0,1.0
255,SA,1,0.9999999633971118
255,MC_Avg,0,1463965.165744662
255,Avg,1,1463963.1505134015
256,MC_SA,0,1.0
256,SA,1,0.9999999315958502
256,MC_Avg,0,1010199.2750927842
256,Avg,1,1010115.6523256246
257,MC_SA,0,1.0
257,SA,1,1.0
257,MC_Avg,0,1853981.6406915383
257,Avg,1,1853703.0329087463
258,MC_SA,0,1.0
258,SA,1,0.9999999980331774
258,MC_Avg,0,635205.5071866221
258,Avg,1,635261.9740533596
259,MC_SA,0,1.0
259,SA,1,1.0
259,MC_Avg,0,7780828.536944339
259,Avg,1,7780855.6423700275
260,MC_SA,0,1.0
260,SA,1,0.9999999155831463
260,MC_Avg,0,1793065.5174268126
260,Avg,1,1793066.993488921
261,MC_SA,0,1.0
261,SA,1,1.0
261,MC_Avg,0,3156803.684174751
261,Avg,1,3156777.7188482634
262,MC_SA,0,1.0
262,SA,1,0.9999999365983477
262,MC_Avg,0,2976542.8828787864
262,Avg,1,2976550.797693537
263,MC_SA,0,1.0
263,SA,1,0.9999999999999999
263,MC_Avg,0,12208189.822538255
263,Avg,1,12208157.637717273
264,MC_SA,0,1.0
264,SA,1,0.9999999733236701
264,MC_Avg,0,3287457.895486133
264,Avg,1,3287423.5202132184
265,MC_SA,0,1.0
265,SA,1,1.0
265,MC_Avg,0,2576368.745080756
265,Avg,1,2576415.8850897527
266,MC_SA,0,1.0
266,SA,1,1.0
266,MC_Avg,0,1145013.1437584439
266,Avg,1,1144942.919597204
267,MC_SA,0,1.0
267,SA,1,0.9999999667269903
267,MC_Avg,0,1482690.96242303
267,Avg,1,1482740.8575376538
268,MC_SA,0,1.0
268,SA,1,1.0
268,MC_Avg,0,8652594.585035617
268,Avg,1,8652342.030329378
269,MC_SA,0,1.0
269,SA,1,0.9999999985621707
269,MC_Avg,0,2365096.203104742
269,Avg,1,2365089.536611158
270,MC_SA,0,1.0
270,SA,1,0.9999999860658125
270,MC_Avg,0,1642126.5303130439
270,Avg,1,1642002.5281109489
271,MC_SA,0,1.0
271,SA,1,0.999999927694037
271,MC_Avg,0,788993.9798916711
271,Avg,1,789036.6220901241
272,MC_SA,0,1.0
272,SA,1,0.9999999566602951
272,MC_Avg,0,4399173.641677486
272,Avg,1,4399134.483156001
273,MC_SA,0,1.0
273,SA,1,1.0
273,MC_Avg,0,3623809.8688439406
273,Avg,1,3623817.5849738736
274,MC_SA,0,1.0
274,SA,1,1.0
274,MC_Avg,0,428260.48256889003
274,Avg,1,428249.5034025373
275,MC_SA,0,0.797063
275,SA,1,0.7972029584257565
275,MC_Avg,0,25283.856203711395
275,Avg,1,25196.072949712896
276,MC_SA,0,1.0
276,SA,1,0.9999999106635058
276,MC_Avg,0,1726226.40100885
276,Avg,1,1726278.9648255792
277,MC_SA,0,1.0
277,SA,1,0.9999999999999997
277,MC_Avg,0,644211.385299118
277,Avg,1,644386.935414607
278,MC_SA,0,1.0
278,SA,1,0.9999999106635058
278,MC_Avg,0,251747.30241167275
278,Avg,1,251757.34804376986
279,MC_SA,0,0.9393
279,SA,1,0.9393549569728663
279,MC_Avg,0,410667.1092921236
279,Avg,1,410658.8109843852
280,MC_SA,0,0.76087
280,SA,1,0.7615006370371726
280,MC_Avg,0,-418892.85054310964
280,Avg,1,-418840.1352851324
281,MC_SA,0,1.0
281,SA,1,0.9999999786708328
281,MC_Avg,0,1448130.1933176492
281,Avg,1,1448050.4785621988
282,MC_SA,0,1.0
282,SA,1,1.0
282,MC_Avg,0,3006125.7641361286
282,Avg,1,3006163.3601060202
283,MC_SA,0,0.991892
283,SA,1,0.9918751865311128
283,MC_Avg,0,423575.44962027925
283,Avg,1,423769.38549845974
284,MC_SA,0,1.0
284,SA,1,0.9999999732945752
284,MC_Avg,0,3863703.120700972
284,Avg,1,3863657.3391064843
285,MC_SA,0,1.0
285,SA,1,1.0
285,MC_Avg,0,2632306.7464897004
285,Avg,1,2632262.8676282605
286,MC_SA,0,1.0
286,SA,1,0.9999999999999999
286,MC_Avg,0,3574214.050571612
286,Avg,1,3574304.1751948064
287,MC_SA,0,1.0
287,SA,1,0.9999999931697535
287,MC_Avg,0,539589.0232782827
287,Avg,1,539398.9419719535
288,MC_SA,0,1.0
288,SA,1,1.0
288,MC_Avg,0,1930454.9579555395
288,Avg,1,1930447.3511346132
289,MC_SA,0,1.0
289,SA,1,0.9999999970902763
289,MC_Avg,0,1816006.0777575003
289,Avg,1,1816205.6823772877
290,MC_SA,0,1.0
290,SA,1,1.0
290,MC_Avg,0,2097518.536195722
290,Avg,1,2097636.6955851214
291,MC_SA,0,1.0
291,SA,1,0.9999999937174348
291,MC_Avg,0,3336429.6759838928
291,Avg,1,3336470.6287658643
292,MC_SA,0,1.0
292,SA,1,0.9999999832058434
292,MC_Avg,0,7862077.09225568
292,Avg,1,7861891.682904634
293,MC_SA,0,1.0
293,SA,1,0.9999999727544574
293,MC_Avg,0,16272290.547709938
293,Avg,1,16272200.423877148
294,MC_SA,0,1.0
294,SA,1,0.9999999987351551
294,MC_Avg,0,3272982.7090840177
294,Avg,1,3272942.1255605873
295,MC_SA,0,1.0
295,SA,1,0.9999999598232341
295,MC_Avg,0,938807.7116659189
295,Avg,1,938914.7863809252
296,MC_SA,0,1.0
296,SA,1,0.9999999999999999
296,MC_Avg,0,2889280.855863698
296,Avg,1,2889449.514946611
297,MC_SA,0,1.0
297,SA,1,0.9999999823310646
297,MC_Avg,0,2460049.247705353
297,Avg,1,2460002.4918993437
298,MC_SA,0,1.0
298,SA,1,1.0
298,MC_Avg,0,4461988.541743073
298,Avg,1,4461968.171647734
299,MC_SA,0,1.0
299,SA,1,1.0
299,MC_Avg,0,4951088.1595859835
299,Avg,1,4951165.225794944
300,MC_SA,0,0.995037
300,SA,1,0.9950197012751084
300,MC_Avg,0,442312.8195623709
300,Avg,1,442065.7378404563
301,MC_SA,0,1.0
301,SA,1,0.9999999846383857
301,MC_Avg,0,821424.7305337482
301,Avg,1,821420.3588775224
302,MC_SA,0,1.0
302,SA,1,0.9999999848247207
302,MC_Avg,0,407294.9876107159
302,Avg,1,407390.079556148
303,MC_SA,0,1.0
303,SA,1,0.9999999477861569
303,MC_Avg,0,962231.0069041795
303,Avg,1,962275.8961872322
304,MC_SA,0,1.0
304,SA,1,1.0
304,MC_Avg,0,1046470.1544283481
304,Avg,1,1046593.3638972811
305,MC_SA,0,0.031259
305,SA,1,0.03095186842906966
305,MC_Avg,0,-1227874.925632026
305,Avg,1,-1227975.1585587822
306,MC_SA,0,0.715072
306,SA,1,0.7154206628244315
306,MC_Avg,0,-84683.2687512851
306,Avg,1,-84664.04773172156
307,MC_SA,0,1.0
307,SA,1,0.9999999972048124
307,MC_Avg,0,467116.3604472238
307,Avg,1,467097.1767595358
308,MC_SA,0,1.0
308,SA,1,1.0
308,MC_Avg,0,973692.3754858674
308,Avg,1,973545.6913523143
309,MC_SA,0,1.0
309,SA,1,0.9999999896987712
309,MC_Avg,0,382461.7192629773
309,Avg,1,382400.1719560769
310,MC_SA,0,1.0
310,SA,1,0.9999999992228992
310,MC_Avg,0,-247729.45245099792
310,Avg,1,-247729.02773336583
311,MC_SA,0,1.0
311,SA,1,0.9999999710148471
311,MC_Avg,0,2246977.440755234
311,Avg,1,2247035.0454524667
312,MC_SA,0,0.932599
312,SA,1,0.9325171568559676
312,MC_Avg,0,615858.0987710286
312,Avg,1,615800.4035982651
313,MC_SA,0,1.0
313,SA,1,0.9999999433650194
313,MC_Avg,0,4882455.967894737
313,Avg,1,4882391.204963976
314,MC_SA,0,0.952289
314,SA,1,0.9528196868171608
314,MC_Avg,0,441146.199670891
314,Avg,1,441196.4615793426
315,MC_SA,0,1.0
315,SA,1,0.9999999792349399
315,MC_Avg,0,1188052.261561279
315,Avg,1,1188045.0371223511
316,MC_SA,0,0.666373
316,SA,1,0.6655238413870487
316,MC_Avg,0,-641277.3941899552
316,Avg,1,-641276.0596127138
317,MC_SA,0,1.0
317,SA,1,0.9999999623478603
317,MC_Avg,0,2036707.9354795732
317,Avg,1,2036711.914335361
318,MC_SA,0,1.0
318,SA,1,0.999999987489993
318,MC_Avg,0,1833658.4083794323
318,Avg,1,1833599.4516787652
319,MC_SA,0,1.0
319,SA,1,0.9999999806239819
319,MC_Avg,0,2344006.575875406
319,Avg,1,2344201.4721629187
320,MC_SA,0,1.0
320,SA,1,1.0000000000000002
320,MC_Avg,0,5145182.491652487
320,Avg,1,5145107.383082832
321,MC_SA,0,1.0
321,SA,1,0.9999999710148471
321,MC_Avg,0,5314765.515660837
321,Avg,1,5314685.3057060065
322,MC_SA,0,1.0
322,SA,1,0.999999992582897
322,MC_Avg,0,3008465.2453531064
322,Avg,1,3008492.8435010887
323,MC_SA,0,1.0
323,SA,1,0.9999999826961554
323,MC_Avg,0,-582071.9419899922
323,Avg,1,-582289.1258765631
324,MC_SA,0,1.0
324,SA,1,0.9999999447584413
324,MC_Avg,0,6320728.817212779
324,Avg,1,6320785.898642445
325,MC_SA,0,1.0
325,SA,1,1.0
325,MC_Avg,0,6623305.583532276
325,Avg,1,6623549.543259936
326,MC_SA,0,1.0
326,SA,1,0.999999992582897
326,MC_Avg,0,2878903.9944208045
326,Avg,1,2878849.0233068736
327,MC_SA,0,1.0
327,SA,1,0.9999999935109256
327,MC_Avg,0,2875670.9807288395
327,Avg,1,2875691.8606159664
328,MC_SA,0,1.0
328,SA,1,1.0
328,MC_Avg,0,22243859.867493737
328,Avg,1,22244135.529266853
329,MC_SA,0,1.0
329,SA,1,0.9999999623478603
329,MC_Avg,0,3159384.662735161
329,Avg,1,3159533.9079307616
330,MC_SA,0,1.0
330,SA,1,0.999999912983412
330,MC_Avg,0,2914717.7238707477
330,Avg,1,2914622.5058360854
331,MC_SA,0,0.999295
331,SA,1,0.9993036885218936
331,MC_Avg,0,2523548.457171658
331,Avg,1,2523867.148691289
332,MC_SA,0,1.0
332,SA,1,0.9999999954065514
332,MC_Avg,0,6602733.463945838
332,Avg,1,6602797.9617699655
333,MC_SA,0,1.0
333,SA,1,0.9999999918109331
333,MC_Avg,0,2608568.5123328986
333,Avg,1,2608523.9731447217
334,MC_SA,0,0.996633
334,SA,1,0.9966160124682911
334,MC_Avg,0,1078049.0969724194
334,Avg,1,1078313.8424427116
335,MC_SA,0,1.0
335,SA,1,0.9999999942007209
335,MC_Avg,0,2878533.7945022043
335,Avg,1,2878744.592025825
336,MC_SA,0,0.98969
336,SA,1,0.9898182487223156
336,MC_Avg,0,1440773.4267940775
336,Avg,1,1440831.869770661
337,MC_SA,0,0.977445
337,SA,1,0.9776228713514209
337,MC_Avg,0,-302673.0372805973
337,Avg,1,-302657.093546917
338,MC_SA,0,0.979065
338,SA,1,0.979157667201958
338,MC_Avg,0,1431090.212864267
338,Avg,1,1430473.9842081869
339,MC_SA,0,0.855161
339,SA,1,0.8556071831313952
339,MC_Avg,0,918320.4683951467
339,Avg,1,918275.4638895364
340,MC_SA,0,0.799015
340,SA,1,0.8003103083555446
340,MC_Avg,0,-78038.942839145
340,Avg,1,-77981.31464642879
341,MC_SA,0,1.0
341,SA,1,0.9999999791029279
341,MC_Avg,0,2094165.2884183312
341,Avg,1,2094120.6421536366
342,MC_SA,0,0.999995
342,SA,1,0.9999963908582401
342,MC_Avg,0,472963.8914076847
342,Avg,1,473128.0181218101
343,MC_SA,0,0.172057
343,SA,1,0.17185454555800606
343,MC_Avg,0,-810851.5774593424
343,Avg,1,-811289.6475165954
344,MC_SA,0,0.505686
344,SA,1,0.5057364717987952
344,MC_Avg,0,-467358.9869097285
344,Avg,1,-467855.9563744244
345,MC_SA,0,1.0
345,SA,1,0.9999999945072967
345,MC_Avg,0,5658367.4642484635
345,Avg,1,5658344.531457054
346,MC_SA,0,1.0
346,SA,1,0.9999999675935951
346,MC_Avg,0,795532.7870245153
346,Avg,1,795473.6658100125
347,MC_SA,0,0.999507
347,SA,1,0.9995039066834771
347,MC_Avg,0,1024194.5256134477
347,Avg,1,1024226.2226869332
348,MC_SA,0,1.0
348,SA,1,0.9999999808666754
348,MC_Avg,0,2315190.523688993
348,Avg,1,2315249.352042334
349,MC_SA,0,1.0
349,SA,1,0.9999999842139548
349,MC_Avg,0,2316196.335131594
349,Avg,1,2316574.160058281
350,MC_SA,0,0.999993
350,SA,1,0.999990284932277
350,MC_Avg,0,596753.1039516968
350,Avg,1,596659.0903734268
351,MC_SA,0,1.0
351,SA,1,0.9999999728996969
351,MC_Avg,0,4241352.308046783
351,Avg,1,4241278.240075518
352,MC_SA,0,0.996964
352,SA,1,0.9969773302114018
352,MC_Avg,0,-333933.7999061295
352,Avg,1,-333838.9426283835
353,MC_SA,0,1.0
353,SA,1,0.9999999927951517
353,MC_Avg,0,1937954.0744820677
353,Avg,1,1937932.8590904756
354,MC_SA,0,0.731354
354,SA,1,0.7311355136096657
354,MC_Avg,0,-118434.53084197715
354,Avg,1,-118395.59177844183
355,MC_SA,0,1.0
355,SA,1,0.9999999875585288
355,MC_Avg,0,3101408.801986967
355,Avg,1,3101531.881712196
356,MC_SA,0,1.0
356,SA,1,0.9999999831626256
356,MC_Avg,0,-493956.41711992415
356,Avg,1,-493760.81636959035
357,MC_SA,0,1.0
357,SA,1,0.9999999910708499
357,MC_Avg,0,8062605.427037077
357,Avg,1,8062639.456389527
358,MC_SA,0,0.857995
358,SA,1,0.8578247035704
358,MC_Avg,0,-837699.659952373
358,Avg,1,-837692.5082043002
359,MC_SA,0,1.0
359,SA,1,0.9999999477861569
359,MC_Avg,0,14103236.278640779
359,Avg,1,14103301.274059787
360,MC_SA,0,1.0
360,SA,1,0.9999999520846468
360,MC_Avg,0,2152135.9304500315
360,Avg,1,2152178.2395792343
361,MC_SA,0,1.0
361,SA,1,0.9999999710148471
361,MC_Avg,0,2322389.024757345
361,Avg,1,2322198.984958645
362,MC_SA,0,0.69017
362,SA,1,0.6895383073207163
362,MC_Avg,0,218899.40833968314
362,Avg,1,218854.54031655542
363,MC_SA,0,0.999998
363,SA,1,0.9999995260445635
363,MC_Avg,0,429108.11367791286
363,Avg,1,429108.6359621503
364,MC_SA,0,0.270553
364,SA,1,0.2697393032791116
364,MC_Avg,0,-1255356.7316091938
364,Avg,1,-1255414.1312815396
365,MC_SA,0,0.425277
365,SA,1,0.4229881025142876
365,MC_Avg,0,-421209.03440255695
365,Avg,1,-421253.79123961244
366,MC_SA,0,0.981329
366,SA,1,0.9814485363114559
366,MC_Avg,0,-1050136.496987915
366,Avg,1,-1050355.8538218131
367,MC_SA,0,1.0
367,SA,1,0.9999999345665608
367,MC_Avg,0,3556958.474088966
367,Avg,1,3557020.4267131253
368,MC_SA,0,0.999988
368,SA,1,0.9999890527029565
368,MC_Avg,0,332305.82483288733
368,Avg,1,332357.70823547186
369,MC_SA,0,0.998712
369,SA,1,0.9987619844386421
369,MC_Avg,0,233533.32036106792
369,Avg,1,233506.12421983966
370,MC_SA,0,0.340623
370,SA,1,0.33871080621914196
370,MC_Avg,0,-416364.1325694511
370,Avg,1,-416369.15296380944
371,MC_SA,0,0.99855
371,SA,1,0.9986086803420667
371,MC_Avg,0,2411883.724614222
371,Avg,1,2411810.7170518055
372,MC_SA,0,1.0
372,SA,1,0.9999999829160624
372,MC_Avg,0,5568704.410275096
372,Avg,1,5568721.005094267
373,MC_SA,0,1.0
373,SA,1,0.999998773660608
373,MC_Avg,0,6016859.820761626
373,Avg,1,6016866.898284412
374,MC_SA,0,1.0
374,SA,1,0.9999995282766512
374,MC_Avg,0,2618348.9746927596
374,Avg,1,2618449.7361196345
375,MC_SA,0,0.970087
375,SA,1,0.9704294531385644
375,MC_Avg,0,3475183.1865775376
375,Avg,1,3474699.380836496
376,MC_SA,0,0.999921
376,SA,1,0.9999091679031554
376,MC_Avg,0,-118735.2789783357
376,Avg,1,-118700.49877310696
377,MC_SA,0,0.701974
377,SA,1,0.6999794916019915
377,MC_Avg,0,2158622.2709584977
377,Avg,1,2161124.7469073194
378,MC_SA,0,0.700437
378,SA,1,0.6992833764240481
378,MC_Avg,0,287399.4387753663
378,Avg,1,287202.16700223624
379,MC_SA,0,0.352565
379,SA,1,0.35088313301951113
379,MC_Avg,0,-335935.996743117
379,Avg,1,-335763.26228805823
380,MC_SA,0,0.999999
380,SA,1,0.9999989513079718
380,MC_Avg,0,4274394.995057654
380,Avg,1,4274341.44901205
381,MC_SA,0,0.997785
381,SA,1,0.9978599925607305
381,MC_Avg,0,3179517.450520419
381,Avg,1,3179577.0468595047
382,MC_SA,0,0.999028
382,SA,1,0.9990414102318583
382,MC_Avg,0,288095.6282458355
382,Avg,1,288192.8259030545
383,MC_SA,0,0.553944
383,SA,1,0.5532074649380675
383,MC_Avg,0,-1229422.3834389348
383,Avg,1,-1229210.1787017784
384,MC_SA,0,0.215548
384,SA,1,0.21490188610068572
384,MC_Avg,0,-1874924.7603092438
384,Avg,1,-1874994.2431053992
385,MC_SA,0,1.0
385,SA,1,0.9999999498225196
385,MC_Avg,0,10327077.457216652
385,Avg,1,10326978.91855282
386,MC_SA,0,0.355853
386,SA,1,0.3548438757525012
386,MC_Avg,0,1711.3733544254776
386,Avg,1,1253.80253566142
387,MC_SA,0,1.0
387,SA,1,0.9999982022211472
387,MC_Avg,0,2786809.741872426
387,Avg,1,2786993.223241558
388,MC_SA,0,1.0
388,SA,1,0.9999999509084952
388,MC_Avg,0,7135178.180180547
388,Avg,1,7135052.759645631
389,MC_SA,0,1.0
389,SA,1,0.9999999064889918
389,MC_Avg,0,3331213.174191155
389,Avg,1,3331215.0395104964
390,MC_SA,0,1.0
390,SA,1,0.9999999016483843
390,MC_Avg,0,2536305.080743339
390,Avg,1,2536122.4385147938
