test_case,metric_type,best_0,best_1,best_2,best_3,best_4,best_5
1,Avg,502930.8452282483,503564.0435116617,,,,
1,SA,0.722742,0.7225558146263821,,,,
2,Avg,3380756.595471608,3380313.666216706,,,,
2,SA,0.875403,0.8753424830943378,,,,
3,Avg,1053328.724284432,1053253.763928105,,,,
3,SA,0.909701,0.9095207116564944,,,,
4,Avg,1445306.209377159,1445825.7816695436,,,,
4,SA,0.857763,0.8582570889069265,,,,
5,Avg,821737.3183535523,820110.0417187096,,,,
5,SA,0.879435,0.8796041160341433,,,,
6,Avg,2803188.235909662,2803386.0554835405,,,,
6,SA,0.960472,0.9602088347853734,,,,
7,Avg,269154.69618082733,270791.7813336585,,,,
7,SA,0.702325,0.7026044560044373,,,,
8,Avg,3171904.132506008,3171851.116667807,,,,
8,SA,0.839216,0.8394555404379207,,,,
9,Avg,-86006.32077617178,-87771.99230378734,,,,
9,SA,0.691824,0.6919376009677913,,,,
10,Avg,2746946.5287129367,2749766.842681668,,,,
10,SA,0.963205,0.9633162769939057,,,,
11,Avg,-659333.02319,-659295.5632575497,,,,
11,SA,0.12172,0.1221341196100833,,,,
12,Avg,3371261.3371792547,3371696.2311441624,,,,
12,SA,0.999203,0.9992448464218668,,,,
13,Avg,267583.81944493303,267788.63862229453,,,,
13,SA,0.743839,0.7417432635218741,,,,
14,Avg,325632.86683921376,325606.04591900937,,,,
14,SA,0.904017,0.9043994594233729,,,,
15,Avg,882430.7229357668,882026.4996531047,,,,
15,SA,0.945549,0.945582760114524,,,,
16,Avg,-58943.131953854536,-58741.41758234447,,,,
16,SA,0.882992,0.8828285748076621,,,,
17,Avg,-182391.66429057487,-183003.34640845843,,,,
17,SA,0.446112,0.4457610099125888,,,,
18,Avg,-583492.2700100038,-583357.2396963047,,,,
18,SA,0.14816,0.146650766715825,,,,
19,Avg,3139.204229263048,2185.3704428102064,,,,
19,SA,0.532307,0.5320124499892172,,,,
20,Avg,891747.040509726,891784.660538837,,,,
20,SA,0.958309,0.9609888000233198,,,,
21,Avg,1704320.4683403105,1704320.4161524894,,,,
21,SA,0.746874,0.7534672935906436,,,,
22,Avg,-725532.3760314218,-726317.0478029165,,,,
22,SA,0.70156,0.6887553450323631,,,,
23,Avg,-41754.54609537329,-43273.07665773167,,,,
23,SA,0.81205,0.8387183420335732,,,,
24,Avg,-639758.7348782578,-643047.0319489201,,,,
24,SA,0.962681,0.9627818103619046,,,,
25,Avg,603153.6437015367,603626.1336787484,,,,
25,SA,0.709263,0.6988691023527889,,,,
26,Avg,324542.8822023204,316176.4632553137,,,,
26,SA,0.90541,0.9086763330057,,,,
27,Avg,-2929721.456106384,-2920271.9567825804,,,,
27,SA,0.27783,0.2725994619056603,,,,
28,Avg,-2325383.0645158524,-2313984.965991448,,,,
28,SA,0.686087,0.678484346331788,,,,
29,Avg,1260845.7986735937,1260728.1570702991,,,,
29,SA,0.887721,0.8942863807052132,,,,
30,Avg,-1211379.7845190442,-1211132.3819514343,,,,
30,SA,0.831661,0.8367950608344598,,,,
31,Avg,1704320.4739841097,1704320.4161524894,,,,
31,SA,0.746357,0.7534672935906436,,,,
32,Avg,-3950697.383937221,-3949470.244254793,,,,
32,SA,0.25461,0.2506196917954281,,,,
33,Avg,-1545244.6696699036,-1547877.6961168973,,,,
33,SA,0.610207,0.6026154126874425,,,,
34,Avg,-3695639.800755609,-3690476.680309656,,,,
34,SA,0.069532,0.0676230997728814,,,,
35,Avg,-1105084.488902054,-1103619.018190378,,,,
35,SA,0.515634,0.4969478584835742,,,,
36,Avg,-817926.4923138784,-812668.3858396647,,,,
36,SA,0.477846,0.4598208983625688,,,,
37,Avg,-961510.904359286,-959831.081171652,,,,
37,SA,0.385199,0.3749104067803064,,,,
38,Avg,-1307539.36377825,-1308144.8016451756,,,,
38,SA,0.580657,0.5472068414415786,,,,
39,Avg,38127.47389465702,32865.752105764375,,,,
39,SA,0.748439,0.7552431833169166,,,,
40,Avg,-427032.4467205287,-428554.5018276328,,,,
40,SA,0.762061,0.7724805182452278,,,,
41,Avg,-5259860.89272301,-5259860.780294266,,,,
41,SA,0.0,0.0,,,,
42,Avg,1167220.5907973873,1165636.0590489,,,,
42,SA,0.764348,0.7701578650740163,,,,
43,Avg,2037871.1130699555,2035841.937685132,,,,
43,SA,0.849614,0.8582490887691496,,,,
44,Avg,2142744.773236185,2134927.488792938,,,,
44,SA,0.843581,0.8515166135551073,,,,
45,Avg,4658882.598474104,4662371.602610812,,,,
45,SA,0.763074,0.772832247160005,,,,
46,Avg,-1342593.4200119888,-1341096.130253862,,,,
46,SA,0.458077,0.4243328076322784,,,,
47,Avg,941573.3808477216,940669.8761762473,,,,
47,SA,0.855573,0.8642677691341613,,,,
48,Avg,196419.75671622055,196422.71586989277,,,,
48,SA,0.610717,0.5869690678011964,,,,
49,Avg,1911425.014289575,1908855.273626477,,,,
49,SA,0.883809,0.8866647661073631,,,,
50,Avg,936917.276755664,941470.5426118528,,,,
50,SA,0.873354,0.8828626741387241,,,,
51,Avg,-207138.38275,-207610.26675488468,,,,
51,SA,0.490935,0.4917049262414159,,,,
52,Avg,1303135.2191852836,1303079.0984450425,,,,
52,SA,0.949529,0.9496114145551312,,,,
53,Avg,262681.33414460206,262870.8277033436,,,,
53,SA,0.873385,0.8734697415640441,,,,
54,Avg,3359000.58465904,3359991.3500845674,,,,
54,SA,0.963169,0.9629691195040382,,,,
55,Avg,457425.5075288042,457398.3000276107,,,,
55,SA,0.989423,0.9895286585756892,,,,
56,Avg,366452.07045744365,366445.7237821433,,,,
56,SA,0.942534,0.9427247517085102,,,,
57,Avg,-311177.4400455653,-311670.7385540185,,,,
57,SA,0.28353,0.2835898815296399,,,,
58,Avg,4083875.250577977,4083742.788323166,,,,
58,SA,0.973913,0.9739204359987808,,,,
59,Avg,-189693.33066923975,-189017.67074192423,,,,
59,SA,0.586343,0.5861384315373724,,,,
60,Avg,485220.5849180612,485297.8319080675,,,,
60,SA,0.958989,0.9588065953938194,,,,
61,Avg,4182334.433392559,4182334.209099167,,,,
61,SA,1.0,1.0,,,,
62,Avg,-2587763.6394162024,-2587763.402923123,,,,
62,SA,0.465029,0.4650291530981207,,,,
63,Avg,-1714368.690220318,-1714368.809235075,,,,
63,SA,0.402493,0.4024930305867458,,,,
64,Avg,118965.14492434212,118965.05042034708,,,,
64,SA,0.75326,0.7532596934805899,,,,
65,Avg,1931906.6868790784,1931906.7773892176,,,,
65,SA,0.732602,0.7326017608019051,,,,
66,Avg,-2196191.781407429,-2196191.820599009,,,,
66,SA,0.352468,0.3524677269656973,,,,
67,Avg,-27327.561360367286,-27327.52839704324,,,,
67,SA,0.737922,0.7379229857619471,,,,
68,Avg,33452.694814560105,33452.74546770222,,,,
68,SA,0.760588,0.7605881273245229,,,,
69,Avg,-1001073.1999027726,-1001073.1356134496,,,,
69,SA,0.431777,0.4317768173420916,,,,
70,Avg,-1212966.5740946317,-1212966.8933964742,,,,
70,SA,0.642119,0.6421196117645385,,,,
71,Avg,4182334.374552527,4182334.209099167,,,,
71,SA,1.0,1.0,,,,
72,Avg,340580.52139085095,340580.2972886701,,,,
72,SA,0.645698,0.6456984156468931,,,,
73,Avg,-1926604.985956968,-1926604.967035851,,,,
73,SA,0.3717,0.3717000830070891,,,,
74,Avg,2051701.781307534,2051701.8864760287,,,,
74,SA,0.762982,0.7629822460512776,,,,
75,Avg,-3079582.7979898066,-3079582.705418792,,,,
75,SA,0.319097,0.3190966897052256,,,,
76,Avg,-11833.902750467078,-11833.72167701344,,,,
76,SA,0.486109,0.4861091389997338,,,,
77,Avg,-229352.0750284765,-229352.2495704539,,,,
77,SA,0.616035,0.616035089128564,,,,
78,Avg,575915.6484841333,575915.7230354133,,,,
78,SA,0.779084,0.7790839647056507,,,,
79,Avg,11320.42702602516,11320.21994947466,,,,
79,SA,0.735276,0.735275743193886,,,,
80,Avg,-2260485.449558056,-2260485.5038572336,,,,
80,SA,0.414383,0.4143834192780696,,,,
81,Avg,-2781662.08422,-2781662.1909008333,,,,
81,SA,0.0,0.0,,,,
82,Avg,-192927.79827821185,-192927.7667278188,,,,
82,SA,0.596248,0.5962471837514899,,,,
83,Avg,378451.35357312567,378451.4839549634,,,,
83,SA,0.558024,0.5580238716229158,,,,
84,Avg,-2561229.5841796286,-2561229.5941526312,,,,
84,SA,0.480918,0.4809183222219534,,,,
85,Avg,-357925.839017708,-357925.7775037019,,,,
85,SA,0.58805,0.5880493661376287,,,,
86,Avg,-1048043.5359138806,-1048043.3272028522,,,,
86,SA,0.42024,0.4202395850852889,,,,
87,Avg,1151479.058263904,1151479.247539158,,,,
87,SA,0.735276,0.735275743193886,,,,
88,Avg,384786.36322180537,384786.4025031914,,,,
88,SA,0.767699,0.7676988993548571,,,,
89,Avg,-263498.0866238575,-263497.9237102878,,,,
89,SA,0.785646,0.7856453918699282,,,,
90,Avg,1154226.019614667,1154226.1303410083,,,,
90,SA,0.718821,0.7188212019397966,,,,
91,Avg,-2104381.78608337,-2104273.348013496,,,,
91,SA,0.217614,0.2155566443939712,,,,
92,Avg,-1113023.2811775676,-1102300.3448047682,,,,
92,SA,0.602775,0.5865250382462894,,,,
93,Avg,3076379.5000701337,3074078.1448216545,,,,
93,SA,0.840158,0.8425288241075564,,,,
94,Avg,2558724.270101873,2556023.2232119595,,,,
94,SA,0.893055,0.8939120832778326,,,,
95,Avg,51174.7746048652,52494.97562634139,,,,
95,SA,0.584872,0.5680880794185702,,,,
96,Avg,2525664.1879003053,2525619.843479121,,,,
96,SA,0.932229,0.936089797662695,,,,
97,Avg,-1186003.2832915594,-1185581.1645763386,,,,
97,SA,0.488111,0.4709873414209454,,,,
98,Avg,1033298.1254169552,1033221.470967793,,,,
98,SA,0.691238,0.6838938042132839,,,,
99,Avg,332989.38316851284,329678.9104307638,,,,
99,SA,0.557831,0.5403302844758757,,,,
100,Avg,-2175052.1484412607,-2173383.649760056,,,,
100,SA,0.420773,0.4138258143948541,,,,
101,Avg,1164720.3045680383,1164223.1873324097,,,,
101,SA,0.707788,0.7074775406444122,,,,
102,Avg,807014.7206522521,806706.5708791683,,,,
102,SA,0.755767,0.7556216037884742,,,,
103,Avg,959872.0725390256,960053.7507967602,,,,
103,SA,0.770081,0.7701514009269609,,,,
104,Avg,2256023.365031607,2255667.770027415,,,,
104,SA,0.808684,0.8084739957728359,,,,
105,Avg,2273513.826765784,2272011.401451773,,,,
105,SA,0.779029,0.7792185127755252,,,,
106,Avg,-590469.0973378208,-589513.9115001152,,,,
106,SA,0.440402,0.4404471927496889,,,,
107,Avg,1161411.845012011,1161402.201125251,,,,
107,SA,0.665051,0.6651445766076876,,,,
108,Avg,247606.73842575453,247769.38575537005,,,,
108,SA,0.713811,0.7137634964396282,,,,
109,Avg,293369.03702624,293835.4411271047,,,,
109,SA,0.891665,0.8915773574928367,,,,
110,Avg,-2573141.8676803834,-2571666.5717707947,,,,
110,SA,0.397174,0.3975013652113878,,,,
111,Avg,263095.4601512633,261934.7940380847,,,,
111,SA,0.553487,0.5549652522867884,,,,
112,Avg,-617144.9559016785,-613513.6150910902,,,,
112,SA,0.552451,0.5526285500843093,,,,
113,Avg,205649.00295158627,205414.92079133957,,,,
113,SA,0.658861,0.670121028866806,,,,
114,Avg,438059.6262422319,437036.98555743,,,,
114,SA,0.692685,0.6921334982386248,,,,
115,Avg,5965806.770498393,5964584.055136158,,,,
115,SA,0.591325,0.5942143099843651,,,,
116,Avg,13788696.801252324,13787366.003232231,,,,
116,SA,0.971444,0.9734155286725676,,,,
117,Avg,-1871518.4225395385,-1871193.756321236,,,,
117,SA,0.425044,0.4207342653970412,,,,
118,Avg,856517.1741401063,857886.453033167,,,,
118,SA,0.755979,0.7564146729497667,,,,
119,Avg,-448175.85087044886,-455331.887766945,,,,
119,SA,0.702943,0.7029304323884652,,,,
120,Avg,1948401.312362108,1948735.885204064,,,,
120,SA,0.937364,0.9375559773691012,,,,
121,Avg,1895892.7456330785,1895726.6519865044,,,,
121,SA,0.765111,0.7708322898108417,,,,
122,Avg,2926522.489661021,2928316.5951491725,,,,
122,SA,0.836094,0.8379864107935426,,,,
123,Avg,300435.6285728944,300719.8787446631,,,,
123,SA,0.661953,0.653224758065262,,,,
124,Avg,920856.0228943971,926053.2107445052,,,,
124,SA,0.329758,0.3243910383771797,,,,
125,Avg,-2716334.246300258,-2714190.781740012,,,,
125,SA,0.211021,0.2100081917253312,,,,
126,Avg,2860429.172057674,2862741.435858976,,,,
126,SA,0.839122,0.8642648226342431,,,,
127,Avg,2320044.7736648363,2319794.977652162,,,,
127,SA,0.76515,0.768123002355326,,,,
128,Avg,-6007988.651357466,-6009916.633720465,,,,
128,SA,0.220307,0.2188605112124629,,,,
129,Avg,-460592.5030818321,-460504.27436568815,,,,
129,SA,0.534742,0.4973573401718595,,,,
130,Avg,3923484.969911149,3920132.6035700287,,,,
130,SA,0.859592,0.8678943785867251,,,,
131,Avg,5164304.205853945,5164223.187332411,,,,
131,SA,0.982987,0.9828938764919994,,,,
132,Avg,2380429.418794862,2379618.7409211304,,,,
132,SA,0.802554,0.8025947050597312,,,,
133,Avg,-1387592.4483245108,-1387632.1101833736,,,,
133,SA,0.589155,0.588750007586277,,,,
134,Avg,3451726.0714698266,3452347.759747365,,,,
134,SA,0.941963,0.942014244827842,,,,
135,Avg,1117760.705477239,1117886.9804777305,,,,
135,SA,0.775549,0.7753463719974745,,,,
136,Avg,-829859.1533787585,-829528.1933892121,,,,
136,SA,0.484106,0.4837583122460611,,,,
137,Avg,704120.738854509,704399.9341101157,,,,
137,SA,0.777612,0.7777049806223666,,,,
138,Avg,-122733.3166996053,-122931.39268066824,,,,
138,SA,0.648026,0.6482133784496582,,,,
139,Avg,3831375.639655877,3831482.740194463,,,,
139,SA,0.865731,0.8658624337588963,,,,
140,Avg,-251038.70378550628,-250880.755473126,,,,
140,SA,0.606887,0.6069262694166422,,,,
141,Avg,4262144.792006457,4261934.794038083,,,,
141,SA,0.901646,0.9005773966619379,,,,
142,Avg,-1330704.3828186465,-1331815.032273149,,,,
142,SA,0.26045,0.2506781143983661,,,,
143,Avg,1053367.967054216,1052147.061006203,,,,
143,SA,0.877599,0.8746472828615135,,,,
144,Avg,-2057989.1734325136,-2057109.3902815864,,,,
144,SA,0.300368,0.294055294084685,,,,
145,Avg,90223.12121446896,88164.69397302756,,,,
145,SA,0.872488,0.870063910957277,,,,
146,Avg,1070593.7057090702,1070444.238969312,,,,
146,SA,0.742694,0.7447267413667369,,,,
147,Avg,-771589.9109072757,-771395.1376598652,,,,
147,SA,0.648986,0.6513573273149691,,,,
148,Avg,-53006.3491594614,-53228.73369394354,,,,
148,SA,0.512381,0.5126358923691412,,,,
149,Avg,-319633.4630302405,-318634.31634788774,,,,
149,SA,0.468064,0.4662154529314246,,,,
150,Avg,9071358.862631168,9071444.72444483,,,,
150,SA,0.916129,0.9145592752255682,,,,
151,Avg,-2143234.342160195,-2143033.348013496,,,,
151,SA,0.212703,0.2100601853255261,,,,
152,Avg,9491500.14970871,9484823.44597775,,,,
152,SA,0.997058,0.9971556424311216,,,,
153,Avg,-3795515.3295358513,-3786352.662525263,,,,
153,SA,0.428079,0.4187580741475759,,,,
154,Avg,578690.2667656264,579265.5507975033,,,,
154,SA,0.771483,0.7799013924699506,,,,
155,Avg,923475.77994571,927367.5448606332,,,,
155,SA,0.944157,0.9478687404541044,,,,
156,Avg,1693839.3604741436,1693303.613016916,,,,
156,SA,0.988352,0.9878498791351616,,,,
157,Avg,3704206.913105188,3703847.421040172,,,,
157,SA,0.97821,0.9776967586723668,,,,
158,Avg,-1216306.1963136687,-1215361.0391982216,,,,
158,SA,0.43587,0.4077503112897341,,,,
159,Avg,-4198846.327126861,-4195269.327528938,,,,
159,SA,0.197451,0.1924823501652596,,,,
160,Avg,3735001.9230677392,3734368.976793715,,,,
160,SA,0.979514,0.980419140675944,,,,
161,Avg,-130406.99290570672,-130166.81266759062,,,,
161,SA,0.544239,0.5448140318540358,,,,
162,Avg,964163.972658074,962612.1233964524,,,,
162,SA,1.0,1.0,,,,
163,Avg,-1474943.8423853086,-1474595.0065709553,,,,
163,SA,0.704134,0.7041017209432838,,,,
164,Avg,3538219.216139186,3538592.876765862,,,,
164,SA,0.967103,0.9670693123075188,,,,
165,Avg,-1237836.2146113515,-1238295.9813873996,,,,
165,SA,0.484392,0.4849234159495582,,,,
166,Avg,4461601.154417872,4463531.606448468,,,,
166,SA,0.96926,0.9692989015360038,,,,
167,Avg,2192188.8626677347,2191286.310742864,,,,
167,SA,0.960262,0.960337043082532,,,,
168,Avg,999893.6003743968,999763.658819098,,,,
168,SA,0.897845,0.8979030746970065,,,,
169,Avg,1664654.8391209317,1665286.7733309465,,,,
169,SA,0.830166,0.8302054953677518,,,,
170,Avg,7060007.008108282,7061770.491814376,,,,
170,SA,0.980174,0.9801587781664484,,,,
171,Avg,2455934.9300666787,2456284.7940380853,,,,
171,SA,0.780544,0.7800632280076321,,,,
172,Avg,15007995.07765036,15009806.823249493,,,,
172,SA,0.957451,0.9578169560112386,,,,
173,Avg,-2050680.5242498692,-2051426.376573788,,,,
173,SA,0.489876,0.4881637793115224,,,,
174,Avg,3395356.260262284,3395533.1274304977,,,,
174,SA,0.961142,0.9618182938629392,,,,
175,Avg,2714119.9874438057,2712420.169401389,,,,
175,SA,0.996597,0.9964905069942562,,,,
176,Avg,4839420.748204282,4837479.651030305,,,,
176,SA,0.999329,0.9993485924569472,,,,
177,Avg,7639531.732037431,7637777.423650251,,,,
177,SA,0.980994,0.9821162683581874,,,,
178,Avg,-2519601.24512993,-2515320.8961727186,,,,
178,SA,0.341023,0.3353672907884935,,,,
179,Avg,-2139540.6329967496,-2124160.34306522,,,,
179,SA,0.633918,0.6336713733916405,,,,
180,Avg,17964470.17772923,17965888.86501555,,,,
180,SA,1.0,1.0,,,,
181,Avg,-1143753.0885065594,-1143033.3480134946,,,,
181,SA,0.370113,0.3604305104666713,,,,
182,Avg,-1723826.353079514,-1711450.3747772053,,,,
182,SA,0.464271,0.4449717402056259,,,,
183,Avg,7076099.605256532,7078439.475362446,,,,
183,SA,0.976431,0.9773140208193084,,,,
184,Avg,3393000.246628087,3393794.063354166,,,,
184,SA,0.949314,0.9512139744449852,,,,
185,Avg,5066242.340789792,5065199.176994811,,,,
185,SA,0.988287,0.9873959240757072,,,,
186,Avg,1472247.4208320216,1470038.5487517456,,,,
186,SA,0.837351,0.8440749299967354,,,,
187,Avg,-4420633.661871388,-4421803.325268854,,,,
187,SA,0.309311,0.3027957368825337,,,,
188,Avg,-3963182.521930559,-3963404.418182057,,,,
188,SA,0.130554,0.1272249602579752,,,,
189,Avg,476271.07646067097,476339.5727530387,,,,
189,SA,0.873319,0.8805250197523481,,,,
190,Avg,-824412.9693205506,-829804.8797190153,,,,
190,SA,0.692356,0.6847242270172796,,,,
191,Avg,2869641.8551203366,2869833.18733241,,,,
191,SA,0.856446,0.8566647724645359,,,,
192,Avg,968275.6865777863,967101.8328552244,,,,
192,SA,0.848834,0.8487053495379018,,,,
193,Avg,2008083.4436149665,2008427.359912799,,,,
193,SA,1.0,1.0,,,,
194,Avg,4442814.555260756,4443738.47903138,,,,
194,SA,0.939312,0.939312726297168,,,,
195,Avg,1349715.1339841946,1350001.5171662618,,,,
195,SA,0.917762,0.9175780035879176,,,,
196,Avg,-1665417.607475766,-1665696.306273086,,,,
196,SA,0.558017,0.558569190359026,,,,
197,Avg,-3517041.677694505,-3516151.249645908,,,,
197,SA,0.305293,0.3051457466081018,,,,
198,Avg,332637.2303419351,332694.59494887927,,,,
198,SA,0.798205,0.7986204703221996,,,,
199,Avg,-1347966.0263359274,-1348324.9001174655,,,,
199,SA,0.240186,0.2402022809811139,,,,
200,Avg,3699550.6116393465,3699954.935413412,,,,
200,SA,0.818494,0.8185420329247974,,,,
201,Avg,3455823.1886316,3456284.7940380853,,,,
201,SA,0.856619,0.8544924366960359,,,,
202,Avg,9796603.707983805,9793060.142550511,,,,
202,SA,0.979344,0.9798271651416668,,,,
203,Avg,1285447.7855413775,1284643.4001369434,,,,
203,SA,0.886993,0.8830043723160359,,,,
204,Avg,1890858.91240585,1890652.3163482307,,,,
204,SA,1.0,1.0,,,,
205,Avg,7827838.998700674,7827719.4727930175,,,,
205,SA,0.955537,0.9577655121423168,,,,
206,Avg,-1796978.732892491,-1796286.5870030108,,,,
206,SA,0.426887,0.4131000272713573,,,,
207,Avg,13965496.310731212,13966676.519828089,,,,
207,SA,1.0,1.0,,,,
208,Avg,31111171.235820897,31110713.16821372,,,,
208,SA,1.0,1.0,,,,
209,Avg,5828106.128595735,5824100.328578052,,,,
209,SA,0.993646,0.994071502874367,,,,
210,Avg,7623425.579238153,7622768.166849167,,,,
210,SA,1.0,1.0,,,,
211,Avg,2857623.1229096386,2856966.6519865044,,,,
211,SA,0.855272,0.8617665328771232,,,,
212,Avg,783404.9634405879,775198.1892463488,,,,
212,SA,0.93049,0.9335008751165046,,,,
213,Avg,4176844.985674701,4175358.54921132,,,,
213,SA,0.93505,0.9420363851959902,,,,
214,Avg,2269483.551157434,2269172.6367542963,,,,
214,SA,0.986952,0.9865435405219208,,,,
215,Avg,3286139.836882964,3284162.592959645,,,,
215,SA,0.990913,0.990501974280404,,,,
216,Avg,3423855.4562306595,3421721.8117132373,,,,
216,SA,0.980216,0.9796169540607363,,,,
217,Avg,6368302.286953647,6372585.151265342,,,,
217,SA,1.0,1.0,,,,
218,Avg,1182968.077984013,1181521.2871549102,,,,
218,SA,0.819808,0.8248022086999971,,,,
219,Avg,-845008.7718642242,-842298.648182046,,,,
219,SA,0.556268,0.5432820638310201,,,,
220,Avg,6570702.815461388,6571326.158440988,,,,
220,SA,1.0,1.0,,,,
221,Avg,6869683.850810471,6869833.187332412,,,,
221,SA,1.0,1.0,,,,
222,Avg,2560787.4119478096,2561366.1935089505,,,,
222,SA,0.9427,0.9429660217528424,,,,
223,Avg,1663113.0592692583,1663596.8195181096,,,,
223,SA,1.0,1.0,,,,
224,Avg,10089630.1311123,10090026.978045324,,,,
224,SA,1.0,1.0,,,,
225,Avg,710214.299612757,709701.5805873323,,,,
225,SA,0.686689,0.6865603195275113,,,,
226,Avg,1312000.8467383252,1312580.1382271603,,,,
226,SA,0.942965,0.942820638365123,,,,
227,Avg,-3914428.6905145766,-3912647.899082546,,,,
227,SA,0.353923,0.3540467318017854,,,,
228,Avg,1327050.1271295394,1326825.5351761794,,,,
228,SA,0.84495,0.8447260273800147,,,,
229,Avg,2063425.8503022983,2063210.2467885944,,,,
229,SA,1.0,1.0,,,,
230,Avg,16427746.357409324,16429634.331810476,,,,
230,SA,1.0,1.0,,,,
231,Avg,7456688.398078337,7456284.794038082,,,,
231,SA,0.987011,0.9875273744782884,,,,
232,Avg,2391553.5676334747,2392360.7458459768,,,,
232,SA,0.831477,0.8282972487950244,,,,
233,Avg,5301901.2983374605,5301511.534652728,,,,
233,SA,0.983454,0.9845274464872767,,,,
234,Avg,5552534.896249476,5552379.081349106,,,,
234,SA,0.99862,0.998585835880531,,,,
235,Avg,6167694.796009288,6167509.57474838,,,,
235,SA,1.0,1.0,,,,
236,Avg,6639.885299868022,7838.415010019942,,,,
236,SA,0.567847,0.5690774551957551,,,,
237,Avg,8540304.71037979,8540096.041372586,,,,
237,SA,0.993477,0.9935993718926306,,,,
238,Avg,4058736.459941639,4059117.786992261,,,,
238,SA,1.0,1.0000000000000002,,,,
239,Avg,-8994258.747000275,-8991007.588828946,,,,
239,SA,0.177833,0.1736859723880932,,,,
240,Avg,1635912.690889146,1637314.446006816,,,,
240,SA,0.85826,0.8568821452315746,,,,
241,Avg,-2143485.5878866143,-2143033.348013496,,,,
241,SA,0.211799,0.2100601853255261,,,,
242,Avg,-776517.4852818704,-774692.7089403855,,,,
242,SA,0.43172,0.4220051339706917,,,,
243,Avg,10472605.726780271,10471569.43804068,,,,
243,SA,0.996264,0.9963130524241832,,,,
244,Avg,5422132.358900876,5421881.121011156,,,,
244,SA,0.998656,0.9986598590484572,,,,
245,Avg,1131798.31640521,1131399.357758272,,,,
245,SA,0.931828,0.93696379833952,,,,
246,Avg,-550161.998371852,-547041.6749742647,,,,
246,SA,0.540769,0.5337495408389256,,,,
247,Avg,1532067.599306771,1531620.674697337,,,,
247,SA,0.951776,0.9550829638028518,,,,
248,Avg,1160396.4129818752,1160199.3378941994,,,,
248,SA,0.855641,0.8559373246800899,,,,
249,Avg,8295462.469407917,8296565.635775453,,,,
249,SA,0.982081,0.9814667522417349,,,,
250,Avg,1423215.3266971973,1423259.6871228362,,,,
250,SA,0.793018,0.8087206331102689,,,,
251,Avg,1763785.334825941,1763798.9590028415,,,,
251,SA,1.0,1.0,,,,
252,Avg,586042.0211300356,586004.0662579626,,,,
252,SA,1.0,1.0,,,,
253,Avg,2643099.3801135947,2643070.7417613026,,,,
253,SA,1.0,0.9999999505884304,,,,
254,Avg,1161877.36882422,1161837.2609431352,,,,
254,SA,1.0,0.9999999945449998,,,,
255,Avg,1463965.165744662,1463963.1505134015,,,,
255,SA,1.0,0.9999999633971118,,,,
256,Avg,1010199.2750927842,1010115.6523256246,,,,
256,SA,1.0,0.9999999315958502,,,,
257,Avg,1853981.6406915383,1853703.0329087465,,,,
257,SA,1.0,1.0,,,,
258,Avg,635205.5071866221,635261.9740533596,,,,
258,SA,1.0,0.9999999980331774,,,,
259,Avg,7780828.536944339,7780855.6423700275,,,,
259,SA,1.0,1.0,,,,
260,Avg,1793065.5174268126,1793066.993488921,,,,
260,SA,1.0,0.9999999155831464,,,,
261,Avg,3156803.684174751,3156777.7188482634,,,,
261,SA,1.0,1.0,,,,
262,Avg,2976542.8828787864,2976550.797693537,,,,
262,SA,1.0,0.9999999365983476,,,,
263,Avg,12208189.822538257,12208157.637717271,,,,
263,SA,1.0,1.0,,,,
264,Avg,3287457.895486133,3287423.5202132184,,,,
264,SA,1.0,0.99999997332367,,,,
265,Avg,2576368.745080756,2576415.8850897527,,,,
265,SA,1.0,1.0,,,,
266,Avg,1145013.143758444,1144942.919597204,,,,
266,SA,1.0,1.0,,,,
267,Avg,1482690.96242303,1482740.8575376538,,,,
267,SA,1.0,0.9999999667269904,,,,
268,Avg,8652594.585035617,8652342.030329378,,,,
268,SA,1.0,1.0,,,,
269,Avg,2365096.203104742,2365089.536611158,,,,
269,SA,1.0,0.9999999985621708,,,,
270,Avg,1642126.530313044,1642002.5281109489,,,,
270,SA,1.0,0.9999999860658124,,,,
271,Avg,788993.9798916711,789036.6220901241,,,,
271,SA,1.0,0.999999927694037,,,,
272,Avg,4399173.641677486,4399134.483156001,,,,
272,SA,1.0,0.9999999566602952,,,,
273,Avg,3623809.868843941,3623817.5849738736,,,,
273,SA,1.0,1.0,,,,
274,Avg,428260.48256889,428249.5034025373,,,,
274,SA,1.0,1.0,,,,
275,Avg,25283.856203711395,25196.072949712896,,,,
275,SA,0.797063,0.7972029584257565,,,,
276,Avg,1726226.40100885,1726278.9648255792,,,,
276,SA,1.0,0.9999999106635058,,,,
277,Avg,644211.385299118,644386.935414607,,,,
277,SA,1.0,0.9999999999999996,,,,
278,Avg,251747.30241167275,251757.34804376983,,,,
278,SA,1.0,0.9999999106635058,,,,
279,Avg,410667.1092921236,410658.8109843852,,,,
279,SA,0.9393,0.9393549569728664,,,,
280,Avg,-418892.8505431096,-418840.1352851324,,,,
280,SA,0.76087,0.7615006370371726,,,,
281,Avg,1448130.1933176492,1448050.4785621988,,,,
281,SA,1.0,0.9999999786708328,,,,
282,Avg,3006125.7641361286,3006163.36010602,,,,
282,SA,1.0,1.0,,,,
283,Avg,423575.4496202793,423769.3854984597,,,,
283,SA,0.991892,0.9918751865311128,,,,
284,Avg,3863703.120700972,3863657.339106484,,,,
284,SA,1.0,0.9999999732945752,,,,
285,Avg,2632306.7464897004,2632262.8676282605,,,,
285,SA,1.0,1.0,,,,
286,Avg,3574214.050571612,3574304.1751948064,,,,
286,SA,1.0,1.0,,,,
287,Avg,539589.0232782827,539398.9419719535,,,,
287,SA,1.0,0.9999999931697536,,,,
288,Avg,1930454.9579555397,1930447.3511346127,,,,
288,SA,1.0,1.0,,,,
289,Avg,1816006.0777575003,1816205.682377288,,,,
289,SA,1.0,0.9999999970902764,,,,
290,Avg,2097518.536195722,2097636.6955851214,,,,
290,SA,1.0,1.0,,,,
291,Avg,3336429.6759838928,3336470.6287658643,,,,
291,SA,1.0,0.9999999937174348,,,,
292,Avg,7862077.09225568,7861891.682904634,,,,
292,SA,1.0,0.9999999832058434,,,,
293,Avg,16272290.547709938,16272200.423877148,,,,
293,SA,1.0,0.9999999727544574,,,,
294,Avg,3272982.7090840177,3272942.1255605877,,,,
294,SA,1.0,0.9999999987351552,,,,
295,Avg,938807.7116659188,938914.7863809252,,,,
295,SA,1.0,0.999999959823234,,,,
296,Avg,2889280.855863698,2889449.514946611,,,,
296,SA,1.0,1.0,,,,
297,Avg,2460049.247705353,2460002.491899344,,,,
297,SA,1.0,0.9999999823310646,,,,
298,Avg,4461988.541743073,4461968.171647734,,,,
298,SA,1.0,1.0,,,,
299,Avg,4951088.159585984,4951165.225794944,,,,
299,SA,1.0,1.0,,,,
300,Avg,442312.8195623709,442065.7378404563,,,,
300,SA,0.995037,0.9950197012751084,,,,
301,Avg,821424.7305337482,821420.3588775224,,,,
301,SA,1.0,0.9999999846383856,,,,
302,Avg,407294.9876107159,407390.079556148,,,,
302,SA,1.0,0.9999999848247207,,,,
303,Avg,962231.0069041796,962275.8961872322,,,,
303,SA,1.0,0.9999999477861568,,,,
304,Avg,1046470.154428348,1046593.3638972812,,,,
304,SA,1.0,1.0,,,,
305,Avg,-1227874.925632026,-1227975.1585587822,,,,
305,SA,0.031259,0.0309518684290696,,,,
306,Avg,-84683.2687512851,-84664.04773172156,,,,
306,SA,0.715072,0.7154206628244315,,,,
307,Avg,467116.3604472238,467097.1767595358,,,,
307,SA,1.0,0.9999999972048124,,,,
308,Avg,973692.3754858674,973545.6913523144,,,,
308,SA,1.0,1.0,,,,
309,Avg,382461.7192629773,382400.1719560769,,,,
309,SA,1.0,0.9999999896987712,,,,
310,Avg,-247729.45245099792,-247729.02773336583,,,,
310,SA,1.0,0.9999999992228992,,,,
311,Avg,2246977.440755234,2247035.0454524667,,,,
311,SA,1.0,0.9999999710148472,,,,
312,Avg,615858.0987710286,615800.4035982651,,,,
312,SA,0.932599,0.9325171568559676,,,,
313,Avg,4882455.967894737,4882391.204963976,,,,
313,SA,1.0,0.9999999433650194,,,,
314,Avg,441146.199670891,441196.4615793426,,,,
314,SA,0.952289,0.9528196868171608,,,,
315,Avg,1188052.261561279,1188045.0371223511,,,,
315,SA,1.0,0.99999997923494,,,,
316,Avg,-641277.3941899552,-641276.0596127138,,,,
316,SA,0.666373,0.6655238413870487,,,,
317,Avg,2036707.9354795727,2036711.914335361,,,,
317,SA,1.0,0.9999999623478604,,,,
318,Avg,1833658.4083794325,1833599.4516787648,,,,
318,SA,1.0,0.999999987489993,,,,
319,Avg,2344006.575875406,2344201.4721629187,,,,
319,SA,1.0,0.999999980623982,,,,
320,Avg,5145182.491652487,5145107.383082832,,,,
320,SA,1.0,1.0000000000000002,,,,
321,Avg,5314765.515660837,5314685.305706007,,,,
321,SA,1.0,0.9999999710148472,,,,
322,Avg,3008465.2453531064,3008492.8435010887,,,,
322,SA,1.0,0.999999992582897,,,,
323,Avg,-582071.9419899922,-582289.1258765631,,,,
323,SA,1.0,0.9999999826961554,,,,
324,Avg,6320728.817212779,6320785.898642445,,,,
324,SA,1.0,0.9999999447584412,,,,
325,Avg,6623305.583532276,6623549.543259936,,,,
325,SA,1.0,1.0,,,,
326,Avg,2878903.9944208045,2878849.0233068736,,,,
326,SA,1.0,0.999999992582897,,,,
327,Avg,2875670.9807288395,2875691.8606159664,,,,
327,SA,1.0,0.9999999935109256,,,,
328,Avg,22243859.867493737,22244135.529266853,,,,
328,SA,1.0,1.0,,,,
329,Avg,3159384.662735161,3159533.9079307616,,,,
329,SA,1.0,0.9999999623478604,,,,
330,Avg,2914717.723870748,2914622.5058360854,,,,
330,SA,1.0,0.999999912983412,,,,
331,Avg,2523548.457171658,2523867.148691289,,,,
331,SA,0.999295,0.9993036885218936,,,,
332,Avg,6602733.463945838,6602797.9617699655,,,,
332,SA,1.0,0.9999999954065514,,,,
333,Avg,2608568.5123328986,2608523.9731447217,,,,
333,SA,1.0,0.9999999918109332,,,,
334,Avg,1078049.0969724194,1078313.8424427116,,,,
334,SA,0.996633,0.9966160124682912,,,,
335,Avg,2878533.7945022043,2878744.592025825,,,,
335,SA,1.0,0.9999999942007208,,,,
336,Avg,1440773.4267940775,1440831.869770661,,,,
336,SA,0.98969,0.9898182487223156,,,,
337,Avg,-302673.0372805973,-302657.093546917,,,,
337,SA,0.977445,0.9776228713514208,,,,
338,Avg,1431090.212864267,1430473.9842081869,,,,
338,SA,0.979065,0.979157667201958,,,,
339,Avg,918320.4683951468,918275.4638895364,,,,
339,SA,0.855161,0.8556071831313952,,,,
340,Avg,-78038.942839145,-77981.31464642879,,,,
340,SA,0.799015,0.8003103083555446,,,,
341,Avg,2094165.2884183312,2094120.6421536368,,,,
341,SA,1.0,0.999999979102928,,,,
342,Avg,472963.8914076847,473128.0181218101,,,,
342,SA,0.999995,0.99999639085824,,,,
343,Avg,-810851.5774593424,-811289.6475165954,,,,
343,SA,0.172057,0.171854545558006,,,,
344,Avg,-467358.9869097285,-467855.9563744244,,,,
344,SA,0.505686,0.5057364717987952,,,,
345,Avg,5658367.464248464,5658344.531457054,,,,
345,SA,1.0,0.9999999945072968,,,,
346,Avg,795532.7870245153,795473.6658100125,,,,
346,SA,1.0,0.9999999675935952,,,,
347,Avg,1024194.5256134477,1024226.2226869332,,,,
347,SA,0.999507,0.9995039066834772,,,,
348,Avg,2315190.523688993,2315249.352042334,,,,
348,SA,1.0,0.9999999808666754,,,,
349,Avg,2316196.335131594,2316574.160058281,,,,
349,SA,1.0,0.9999999842139548,,,,
350,Avg,596753.1039516968,596659.0903734268,,,,
350,SA,0.999993,0.999990284932277,,,,
351,Avg,4241352.308046783,4241278.240075518,,,,
351,SA,1.0,0.9999999728996968,,,,
352,Avg,-333933.7999061295,-333838.9426283835,,,,
352,SA,0.996964,0.9969773302114018,,,,
353,Avg,1937954.074482068,1937932.859090476,,,,
353,SA,1.0,0.9999999927951516,,,,
354,Avg,-118434.53084197716,-118395.59177844184,,,,
354,SA,0.731354,0.7311355136096657,,,,
355,Avg,3101408.801986967,3101531.881712196,,,,
355,SA,1.0,0.9999999875585288,,,,
356,Avg,-493956.41711992415,-493760.8163695904,,,,
356,SA,1.0,0.9999999831626256,,,,
357,Avg,8062605.427037077,8062639.456389527,,,,
357,SA,1.0,0.99999999107085,,,,
358,Avg,-837699.659952373,-837692.5082043002,,,,
358,SA,0.857995,0.8578247035704,,,,
359,Avg,14103236.27864078,14103301.274059787,,,,
359,SA,1.0,0.9999999477861568,,,,
360,Avg,2152135.9304500315,2152178.2395792343,,,,
360,SA,1.0,0.9999999520846468,,,,
361,Avg,2322389.024757345,2322198.984958645,,,,
361,SA,1.0,0.9999999710148472,,,,
362,Avg,218899.40833968317,218854.54031655545,,,,
362,SA,0.69017,0.6895383073207163,,,,
363,Avg,429108.11367791286,429108.6359621503,,,,
363,SA,0.999998,0.9999995260445635,,,,
364,Avg,-1255356.7316091938,-1255414.1312815396,,,,
364,SA,0.270553,0.2697393032791116,,,,
365,Avg,-421209.03440255695,-421253.7912396125,,,,
365,SA,0.425277,0.4229881025142876,,,,
366,Avg,-1050136.496987915,-1050355.8538218131,,,,
366,SA,0.981329,0.981448536311456,,,,
367,Avg,3556958.474088966,3557020.4267131253,,,,
367,SA,1.0,0.9999999345665608,,,,
368,Avg,332305.82483288733,332357.70823547186,,,,
368,SA,0.999988,0.9999890527029563,,,,
369,Avg,233533.32036106792,233506.1242198397,,,,
369,SA,0.998712,0.998761984438642,,,,
370,Avg,-416364.1325694511,-416369.15296380944,,,,
370,SA,0.340623,0.3387108062191419,,,,
371,Avg,2411883.724614222,2411810.717051805,,,,
371,SA,0.99855,0.9986086803420668,,,,
372,Avg,5568704.410275096,5568721.005094267,,,,
372,SA,1.0,0.9999999829160624,,,,
373,Avg,6016859.820761626,6016866.898284412,,,,
373,SA,1.0,0.999998773660608,,,,
374,Avg,2618348.97469276,2618449.7361196345,,,,
374,SA,1.0,0.9999995282766512,,,,
375,Avg,3475183.1865775376,3474699.380836496,,,,
375,SA,0.970087,0.9704294531385644,,,,
376,Avg,-118735.2789783357,-118700.49877310696,,,,
376,SA,0.999921,0.9999091679031554,,,,
377,Avg,2158622.2709584977,2161124.7469073194,,,,
377,SA,0.701974,0.6999794916019915,,,,
378,Avg,287399.4387753663,287202.16700223624,,,,
378,SA,0.700437,0.6992833764240481,,,,
379,Avg,-335935.996743117,-335763.26228805823,,,,
379,SA,0.352565,0.3508831330195111,,,,
380,Avg,4274394.995057654,4274341.44901205,,,,
380,SA,0.999999,0.9999989513079718,,,,
381,Avg,3179517.450520419,3179577.0468595047,,,,
381,SA,0.997785,0.9978599925607304,,,,
382,Avg,288095.6282458355,288192.8259030545,,,,
382,SA,0.999028,0.9990414102318584,,,,
383,Avg,-1229422.3834389348,-1229210.1787017784,,,,
383,SA,0.553944,0.5532074649380675,,,,
384,Avg,-1874924.760309244,-1874994.2431053992,,,,
384,SA,0.215548,0.2149018861006857,,,,
385,Avg,10327077.457216652,10326978.91855282,,,,
385,SA,1.0,0.9999999498225196,,,,
386,Avg,1711.3733544254776,1253.80253566142,,,,
386,SA,0.355853,0.3548438757525012,,,,
387,Avg,2786809.741872426,2786993.223241558,,,,
387,SA,1.0,0.9999982022211472,,,,
388,Avg,7135178.180180547,7135052.759645631,,,,
388,SA,1.0,0.9999999509084952,,,,
389,Avg,3331213.174191155,3331215.0395104964,,,,
389,SA,1.0,0.9999999064889918,,,,
390,Avg,2536305.080743339,2536122.4385147938,,,,
390,SA,1.0,0.9999999016483844,,,,
