00_CharInventory_0_0_4	Leapstone Selection Chest	0.2793886825497154	20
00_CharInventory_0_0_6	Fusion	0.2793886825497154	14
00_CharInventory_0_0_7	Scroll 4 Armor	0.2793886825497154	
00_CharInventory_0_0_8	Fusion	0.2793886825497154	29
00_CharInventory_0_0_9	Fusion	0.2793886825497154	6
00_CharInventory_0_1_0	Fusion	0.2793886825497154	4
00_CharInventory_0_1_1	Fusion	0.2793886825497154	22
00_CharInventory_0_1_2	Fusion	0.2793886825497154	15
00_CharInventory_0_1_3	Fusion	0.2793886825497154	4
00_CharInventory_0_6_5	Serca Special Leapstone	0.2793886825497154	766
00_CharInventory_0_7_5	Special Leapstone	0.2793886825497154	
00_CharInventory_0_7_6	Serca Leapstone	0.2793886825497154	4805
00_CharInventory_0_7_8	Leapstone	0.2793886825497154	374
00_CharInventory_0_7_9	Serca Fusion	0.2793886825497154	1320
00_CharInventory_0_8_5	Glacier's Breath	0.2793886825497154	1875
00_CharInventory_0_8_6	Serca Blue	0.2793886825497154	9999
00_CharInventory_0_8_8	Red	0.2793886825497154	3
00_CharInventory_0_8_9	Fusion	0.2793886825497154	401
00_CharInventory_0_9_4	Support Selection Chest	0.2793886825497154	52
00_CharInventory_0_9_5	Lava's Breath	0.2793886825497154	786
00_CharInventory_0_9_6	Serca Red	0.2793886825497154	9999
00_CharInventory_0_9_8	Blue	0.2793886825497154	
01_CharInventory_0_0_4	Leapstone Selection Chest	9.455377805000225	20
01_CharInventory_0_0_6	Fusion	9.455377805000225	14
01_CharInventory_0_0_7	Scroll 4 Armor	9.455377805000225	
01_CharInventory_0_0_8	Fusion	9.455377805000225	29
01_CharInventory_0_0_9	Fusion	9.455377805000225	6
01_CharInventory_0_1_0	Fusion	9.455377805000225	4
01_CharInventory_0_1_1	Fusion	9.455377805000225	22
01_CharInventory_0_1_2	Fusion	9.455377805000225	15
01_CharInventory_0_1_3	Fusion	9.455377805000225	4
01_CharInventory_0_6_5	Serca Special Leapstone	9.455377805000225	766
01_CharInventory_0_7_5	Special Leapstone	9.455377805000225	
01_CharInventory_0_7_6	Serca Leapstone	9.455377805000225	4805
01_CharInventory_0_7_8	Leapstone	9.455377805000225	374
01_CharInventory_0_7_9	Serca Fusion	9.455377805000225	1320
01_CharInventory_0_8_5	Glacier's Breath	9.455377805000225	1875
01_CharInventory_0_8_6	Serca Blue	9.455377805000225	9999
01_CharInventory_0_8_8	Red	9.455377805000225	3
01_CharInventory_0_8_9	Fusion	9.455377805000225	401
01_CharInventory_0_9_4	Support Selection Chest	9.455377805000225	52
01_CharInventory_0_9_5	Lava's Breath	9.455377805000225	786
01_CharInventory_0_9_6	Serca Red	9.455377805000225	9999
01_CharInventory_0_9_8	Blue	9.455377805000225	
02_CharInventory_0_0_4	Leapstone Selection Chest	98.94800856532449	20
02_CharInventory_0_0_6	Fusion	98.94800856532449	14
02_CharInventory_0_0_7	Scroll 4 Armor	98.94800856532449	
02_CharInventory_0_0_8	Fusion	98.94800856532449	29
02_CharInventory_0_0_9	Fusion	98.94800856532449	6
02_CharInventory_0_1_0	Fusion	98.94800856532449	4
02_CharInventory_0_1_1	Fusion	98.94800856532449	22
02_CharInventory_0_1_2	Fusion	98.94800856532449	15
02_CharInventory_0_1_3	Fusion	98.94800856532449	4
02_CharInventory_0_6_5	Serca Special Leapstone	98.94800856532449	766
02_CharInventory_0_7_5	Special Leapstone	98.94800856532449	
02_CharInventory_0_7_6	Serca Leapstone	98.94800856532449	4805
02_CharInventory_0_7_8	Leapstone	98.94800856532449	374
02_CharInventory_0_7_9	Serca Fusion	98.94800856532449	1320
02_CharInventory_0_8_5	Glacier's Breath	98.94800856532449	1875
02_CharInventory_0_8_6	Serca Blue	98.94800856532449	9999
02_CharInventory_0_8_8	Red	98.94800856532449	3
02_CharInventory_0_8_9	Fusion	98.94800856532449	401
02_CharInventory_0_9_4	Support Selection Chest	98.94800856532449	52
02_CharInventory_0_9_5	Lava's Breath	98.94800856532449	786
02_CharInventory_0_9_6	Serca Red	98.94800856532449	9999
02_CharInventory_0_9_8	Blue	98.94800856532449	
03_CharInventory_0_0_4	Leapstone Selection Chest	14.104254210148952	20
03_CharInventory_0_0_6	Fusion	14.104254210148952	14
03_CharInventory_0_0_7	Scroll 4 Armor	14.104254210148952	
03_CharInventory_0_0_8	Fusion	14.104254210148952	29
03_CharInventory_0_0_9	Fusion	14.104254210148952	6
03_CharInventory_0_1_0	Fusion	14.104254210148952	4
03_CharInventory_0_1_1	Fusion	14.104254210148952	22
03_CharInventory_0_1_2	Fusion	14.104254210148952	15
03_CharInventory_0_1_3	Fusion	14.104254210148952	4
03_CharInventory_0_6_5	Serca Special Leapstone	14.104254210148952	766
03_CharInventory_0_7_5	Special Leapstone	14.104254210148952	
03_CharInventory_0_7_6	Serca Leapstone	14.104254210148952	4805
03_CharInventory_0_7_8	Leapstone	14.104254210148952	374
03_CharInventory_0_7_9	Serca Fusion	14.104254210148952	1320
03_CharInventory_0_8_5	Glacier's Breath	14.104254210148952	1875
03_CharInventory_0_8_6	Serca Blue	14.104254210148952	9999
03_CharInventory_0_8_8	Red	14.104254210148952	3
03_CharInventory_0_8_9	Fusion	14.104254210148952	401
03_CharInventory_0_9_4	Support Selection Chest	14.104254210148952	52
03_CharInventory_0_9_5	Lava's Breath	14.104254210148952	786
03_CharInventory_0_9_6	Serca Red	14.104254210148952	9999
03_CharInventory_0_9_8	Blue	14.104254210148952	
04_CharInventory_0_0_4	Leapstone Selection Chest	18.792736460272906	20
04_CharInventory_0_0_6	Fusion	18.792736460272906	14
04_CharInventory_0_0_7	Scroll 4 Armor	18.792736460272906	
04_CharInventory_0_0_8	Fusion	18.792736460272906	29
04_CharInventory_0_0_9	Fusion	18.792736460272906	6
04_CharInventory_0_1_0	Fusion	18.792736460272906	4
04_CharInventory_0_1_1	Fusion	18.792736460272906	22
04_CharInventory_0_1_2	Fusion	18.792736460272906	15
04_CharInventory_0_1_3	Fusion	18.792736460272906	4
04_CharInventory_0_6_5	Serca Special Leapstone	18.792736460272906	766
04_CharInventory_0_7_5	Special Leapstone	18.792736460272906	
04_CharInventory_0_7_6	Serca Leapstone	18.792736460272906	4805
04_CharInventory_0_7_8	Leapstone	18.792736460272906	374
04_CharInventory_0_7_9	Serca Fusion	18.792736460272906	1320
04_CharInventory_0_8_5	Glacier's Breath	18.792736460272906	1875
04_CharInventory_0_8_6	Serca Blue	18.792736460272906	9999
04_CharInventory_0_8_8	Red	18.792736460272906	3
04_CharInventory_0_8_9	Fusion	18.792736460272906	401
04_CharInventory_0_9_4	Support Selection Chest	18.792736460272906	52
04_CharInventory_0_9_5	Lava's Breath	18.792736460272906	786
04_CharInventory_0_9_6	Serca Red	18.792736460272906	9999
04_CharInventory_0_9_8	Blue	18.792736460272906	
05_CharInventory_0_0_4	Leapstone Selection Chest	23.75937832851954	20
05_CharInventory_0_0_6	Fusion	23.75937832851954	14
05_CharInventory_0_0_7	Scroll 4 Armor	23.75937832851954	
05_CharInventory_0_0_8	Fusion	23.75937832851954	29
05_CharInventory_0_0_9	Fusion	23.75937832851954	6
05_CharInventory_0_1_0	Fusion	23.75937832851954	4
05_CharInventory_0_1_1	Fusion	23.75937832851954	22
05_CharInventory_0_1_2	Fusion	23.75937832851954	15
05_CharInventory_0_1_3	Fusion	23.75937832851954	4
05_CharInventory_0_6_5	Serca Special Leapstone	23.75937832851954	766
05_CharInventory_0_7_5	Special Leapstone	23.75937832851954	
05_CharInventory_0_7_6	Serca Leapstone	23.75937832851954	4805
05_CharInventory_0_7_8	Leapstone	23.75937832851954	374
05_CharInventory_0_7_9	Serca Fusion	23.75937832851954	1320
05_CharInventory_0_8_5	Glacier's Breath	23.75937832851954	1875
05_CharInventory_0_8_6	Serca Blue	23.75937832851954	9999
05_CharInventory_0_8_8	Red	23.75937832851954	3
05_CharInventory_0_8_9	Fusion	23.75937832851954	401
05_CharInventory_0_9_4	Support Selection Chest	23.75937832851954	52
05_CharInventory_0_9_5	Lava's Breath	23.75937832851954	786
05_CharInventory_0_9_6	Serca Red	23.75937832851954	9999
05_CharInventory_0_9_8	Blue	23.75937832851954	
06_CharInventory_0_0_4	Leapstone Selection Chest	28.854443080789316	20
06_CharInventory_0_0_6	Fusion	28.854443080789316	14
06_CharInventory_0_0_7	Scroll 4 Armor	28.854443080789316	
06_CharInventory_0_0_8	Fusion	28.854443080789316	29
06_CharInventory_0_0_9	Fusion	28.854443080789316	6
06_CharInventory_0_1_0	Fusion	28.854443080789316	4
06_CharInventory_0_1_1	Fusion	28.854443080789316	22
06_CharInventory_0_1_2	Fusion	28.854443080789316	15
06_CharInventory_0_1_3	Fusion	28.854443080789316	4
06_CharInventory_0_6_5	Serca Special Leapstone	28.854443080789316	766
06_CharInventory_0_7_5	Special Leapstone	28.854443080789316	
06_CharInventory_0_7_6	Serca Leapstone	28.854443080789316	4805
06_CharInventory_0_7_8	Leapstone	28.854443080789316	374
06_CharInventory_0_7_9	Serca Fusion	28.854443080789316	1320
06_CharInventory_0_8_5	Glacier's Breath	28.854443080789316	1875
06_CharInventory_0_8_6	Serca Blue	28.854443080789316	9999
06_CharInventory_0_8_8	Red	28.854443080789316	3
06_CharInventory_0_8_9	Fusion	28.854443080789316	401
06_CharInventory_0_9_4	Support Selection Chest	28.854443080789316	52
06_CharInventory_0_9_5	Lava's Breath	28.854443080789316	786
06_CharInventory_0_9_6	Serca Red	28.854443080789316	9999
06_CharInventory_0_9_8	Blue	28.854443080789316	
07_CharInventory_0_0_4	Leapstone Selection Chest	34.22624454905225	20
07_CharInventory_0_0_6	Fusion	34.22624454905225	14
07_CharInventory_0_0_7	Scroll 4 Armor	34.22624454905225	
07_CharInventory_0_0_8	Fusion	34.22624454905225	29
07_CharInventory_0_0_9	Fusion	34.22624454905225	6
07_CharInventory_0_1_0	Fusion	34.22624454905225	4
07_CharInventory_0_1_1	Fusion	34.22624454905225	22
07_CharInventory_0_1_2	Fusion	34.22624454905225	15
07_CharInventory_0_1_3	Fusion	34.22624454905225	4
07_CharInventory_0_6_5	Serca Special Leapstone	34.22624454905225	766
07_CharInventory_0_7_5	Special Leapstone	34.22624454905225	
07_CharInventory_0_7_6	Serca Leapstone	34.22624454905225	4805
07_CharInventory_0_7_8	Leapstone	34.22624454905225	374
07_CharInventory_0_7_9	Serca Fusion	34.22624454905225	1320
07_CharInventory_0_8_5	Glacier's Breath	34.22624454905225	1875
07_CharInventory_0_8_6	Serca Blue	34.22624454905225	9999
07_CharInventory_0_8_8	Red	34.22624454905225	3
07_CharInventory_0_8_9	Fusion	34.22624454905225	401
07_CharInventory_0_9_4	Support Selection Chest	34.22624454905225	52
07_CharInventory_0_9_5	Lava's Breath	34.22624454905225	786
07_CharInventory_0_9_6	Serca Red	34.22624454905225	9999
07_CharInventory_0_9_8	Blue	34.22624454905225	
08_CharInventory_0_0_4	Leapstone Selection Chest	39.39680157388527	20
08_CharInventory_0_0_6	Fusion	39.39680157388527	14
08_CharInventory_0_0_7	Scroll 4 Armor	39.39680157388527	
08_CharInventory_0_0_8	Fusion	39.39680157388527	29
08_CharInventory_0_0_9	Fusion	39.39680157388527	6
08_CharInventory_0_1_0	Fusion	39.39680157388527	4
08_CharInventory_0_1_1	Fusion	39.39680157388527	22
08_CharInventory_0_1_2	Fusion	39.39680157388527	15
08_CharInventory_0_1_3	Fusion	39.39680157388527	4
08_CharInventory_0_6_5	Serca Special Leapstone	39.39680157388527	766
08_CharInventory_0_7_5	Special Leapstone	39.39680157388527	
08_CharInventory_0_7_6	Serca Leapstone	39.39680157388527	4805
08_CharInventory_0_7_8	Leapstone	39.39680157388527	374
08_CharInventory_0_7_9	Serca Fusion	39.39680157388527	1320
08_CharInventory_0_8_5	Glacier's Breath	39.39680157388527	1875
08_CharInventory_0_8_6	Serca Blue	39.39680157388527	9999
08_CharInventory_0_8_8	Red	39.39680157388527	3
08_CharInventory_0_8_9	Fusion	39.39680157388527	401
08_CharInventory_0_9_4	Support Selection Chest	39.39680157388527	52
08_CharInventory_0_9_5	Lava's Breath	39.39680157388527	786
08_CharInventory_0_9_6	Serca Red	39.39680157388527	9999
08_CharInventory_0_9_8	Blue	39.39680157388527	
09_CharInventory_0_0_4	Leapstone Selection Chest	44.49202527654701	20
09_CharInventory_0_0_6	Fusion	44.49202527654701	14
09_CharInventory_0_0_7	Scroll 4 Armor	44.49202527654701	
09_CharInventory_0_0_8	Fusion	44.49202527654701	29
09_CharInventory_0_0_9	Fusion	44.49202527654701	6
09_CharInventory_0_1_0	Fusion	44.49202527654701	4
09_CharInventory_0_1_1	Fusion	44.49202527654701	22
09_CharInventory_0_1_2	Fusion	44.49202527654701	15
09_CharInventory_0_1_3	Fusion	44.49202527654701	4
09_CharInventory_0_6_5	Serca Special Leapstone	44.49202527654701	766
09_CharInventory_0_7_5	Special Leapstone	44.49202527654701	
09_CharInventory_0_7_6	Serca Leapstone	44.49202527654701	4805
09_CharInventory_0_7_8	Leapstone	44.49202527654701	374
09_CharInventory_0_7_9	Serca Fusion	44.49202527654701	1320
09_CharInventory_0_8_5	Glacier's Breath	44.49202527654701	1875
09_CharInventory_0_8_6	Serca Blue	44.49202527654701	9999
09_CharInventory_0_8_8	Red	44.49202527654701	3
09_CharInventory_0_8_9	Fusion	44.49202527654701	401
09_CharInventory_0_9_4	Support Selection Chest	44.49202527654701	52
09_CharInventory_0_9_5	Lava's Breath	44.49202527654701	786
09_CharInventory_0_9_6	Serca Red	44.49202527654701	9999
09_CharInventory_0_9_8	Blue	44.49202527654701	
10_CharInventory_0_0_4	Leapstone Selection Chest	4.920647100714369	20
10_CharInventory_0_0_6	Fusion	4.920647100714369	14
10_CharInventory_0_0_7	Scroll 4 Armor	4.920647100714369	
10_CharInventory_0_0_8	Fusion	4.920647100714369	29
10_CharInventory_0_0_9	Fusion	4.920647100714369	6
10_CharInventory_0_1_0	Fusion	4.920647100714369	4
10_CharInventory_0_1_1	Fusion	4.920647100714369	22
10_CharInventory_0_1_2	Fusion	4.920647100714369	15
10_CharInventory_0_1_3	Fusion	4.920647100714369	4
10_CharInventory_0_6_5	Serca Special Leapstone	4.920647100714369	766
10_CharInventory_0_7_5	Special Leapstone	4.920647100714369	
10_CharInventory_0_7_6	Serca Leapstone	4.920647100714369	4805
10_CharInventory_0_7_8	Leapstone	4.920647100714369	374
10_CharInventory_0_7_9	Serca Fusion	4.920647100714369	1320
10_CharInventory_0_8_5	Glacier's Breath	4.920647100714369	1875
10_CharInventory_0_8_6	Serca Blue	4.920647100714369	9999
10_CharInventory_0_8_8	Red	4.920647100714369	3
10_CharInventory_0_8_9	Fusion	4.920647100714369	401
10_CharInventory_0_9_4	Support Selection Chest	4.920647100714369	52
10_CharInventory_0_9_5	Lava's Breath	4.920647100714369	786
10_CharInventory_0_9_6	Serca Red	4.920647100714369	9999
10_CharInventory_0_9_8	Blue	4.920647100714369	
11_CharInventory_0_0_4	Leapstone Selection Chest	49.88076562275795	20
11_CharInventory_0_0_6	Fusion	49.88076562275795	14
11_CharInventory_0_0_7	Scroll 4 Armor	49.88076562275795	
11_CharInventory_0_0_8	Fusion	49.88076562275795	29
11_CharInventory_0_0_9	Fusion	49.88076562275795	6
11_CharInventory_0_1_0	Fusion	49.88076562275795	4
11_CharInventory_0_1_1	Fusion	49.88076562275795	22
11_CharInventory_0_1_2	Fusion	49.88076562275795	15
11_CharInventory_0_1_3	Fusion	49.88076562275795	4
11_CharInventory_0_6_5	Serca Special Leapstone	49.88076562275795	766
11_CharInventory_0_7_5	Special Leapstone	49.88076562275795	
11_CharInventory_0_7_6	Serca Leapstone	49.88076562275795	4805
11_CharInventory_0_7_8	Leapstone	49.88076562275795	374
11_CharInventory_0_7_9	Serca Fusion	49.88076562275795	1320
11_CharInventory_0_8_5	Glacier's Breath	49.88076562275795	1875
11_CharInventory_0_8_6	Serca Blue	49.88076562275795	9999
11_CharInventory_0_8_8	Red	49.88076562275795	3
11_CharInventory_0_8_9	Fusion	49.88076562275795	401
11_CharInventory_0_9_4	Support Selection Chest	49.88076562275795	52
11_CharInventory_0_9_5	Lava's Breath	49.88076562275795	786
11_CharInventory_0_9_6	Serca Red	49.88076562275795	9999
11_CharInventory_0_9_8	Blue	49.88076562275795	
12_CharInventory_0_0_4	Leapstone Selection Chest	55.33387634176104	20
12_CharInventory_0_0_6	Fusion	55.33387634176104	14
12_CharInventory_0_0_7	Scroll 4 Armor	55.33387634176104	
12_CharInventory_0_0_8	Fusion	55.33387634176104	29
12_CharInventory_0_0_9	Fusion	55.33387634176104	6
12_CharInventory_0_1_0	Fusion	55.33387634176104	4
12_CharInventory_0_1_1	Fusion	55.33387634176104	22
12_CharInventory_0_1_2	Fusion	55.33387634176104	15
12_CharInventory_0_1_3	Fusion	55.33387634176104	4
12_CharInventory_0_6_5	Serca Special Leapstone	55.33387634176104	766
12_CharInventory_0_7_5	Special Leapstone	55.33387634176104	
12_CharInventory_0_7_6	Serca Leapstone	55.33387634176104	4805
12_CharInventory_0_7_8	Leapstone	55.33387634176104	374
12_CharInventory_0_7_9	Serca Fusion	55.33387634176104	1320
12_CharInventory_0_8_5	Glacier's Breath	55.33387634176104	1875
12_CharInventory_0_8_6	Serca Blue	55.33387634176104	9999
12_CharInventory_0_8_8	Red	55.33387634176104	3
12_CharInventory_0_8_9	Fusion	55.33387634176104	401
12_CharInventory_0_9_4	Support Selection Chest	55.33387634176104	52
12_CharInventory_0_9_5	Lava's Breath	55.33387634176104	786
12_CharInventory_0_9_6	Serca Red	55.33387634176104	9999
12_CharInventory_0_9_8	Blue	55.33387634176104	
13_CharInventory_0_0_4	Leapstone Selection Chest	60.089628402079	20
13_CharInventory_0_0_6	Fusion	60.089628402079	14
13_CharInventory_0_0_7	Scroll 4 Armor	60.089628402079	
13_CharInventory_0_0_8	Fusion	60.089628402079	29
13_CharInventory_0_0_9	Fusion	60.089628402079	6
13_CharInventory_0_1_0	Fusion	60.089628402079	4
13_CharInventory_0_1_1	Fusion	60.089628402079	22
13_CharInventory_0_1_2	Fusion	60.089628402079	15
13_CharInventory_0_1_3	Fusion	60.089628402079	4
13_CharInventory_0_6_5	Serca Special Leapstone	60.089628402079	766
13_CharInventory_0_7_5	Special Leapstone	60.089628402079	
13_CharInventory_0_7_6	Serca Leapstone	60.089628402079	4805
13_CharInventory_0_7_8	Leapstone	60.089628402079	374
13_CharInventory_0_7_9	Serca Fusion	60.089628402079	1320
13_CharInventory_0_8_5	Glacier's Breath	60.089628402079	1875
13_CharInventory_0_8_6	Serca Blue	60.089628402079	9999
13_CharInventory_0_8_8	Red	60.089628402079	3
13_CharInventory_0_8_9	Fusion	60.089628402079	401
13_CharInventory_0_9_4	Support Selection Chest	60.089628402079	52
13_CharInventory_0_9_5	Lava's Breath	60.089628402079	786
13_CharInventory_0_9_6	Serca Red	60.089628402079	9999
13_CharInventory_0_9_8	Blue	60.089628402079	
14_CharInventory_0_0_4	Leapstone Selection Chest	65.23685198742534	20
14_CharInventory_0_0_6	Fusion	65.23685198742534	14
14_CharInventory_0_0_7	Scroll 4 Armor	65.23685198742534	
14_CharInventory_0_0_8	Fusion	65.23685198742534	29
14_CharInventory_0_0_9	Fusion	65.23685198742534	6
14_CharInventory_0_1_0	Fusion	65.23685198742534	4
14_CharInventory_0_1_1	Fusion	65.23685198742534	22
14_CharInventory_0_1_2	Fusion	65.23685198742534	15
14_CharInventory_0_1_3	Fusion	65.23685198742534	4
14_CharInventory_0_6_5	Serca Special Leapstone	65.23685198742534	766
14_CharInventory_0_7_5	Special Leapstone	65.23685198742534	
14_CharInventory_0_7_6	Serca Leapstone	65.23685198742534	4805
14_CharInventory_0_7_8	Leapstone	65.23685198742534	374
14_CharInventory_0_7_9	Serca Fusion	65.23685198742534	1320
14_CharInventory_0_8_5	Glacier's Breath	65.23685198742534	1875
14_CharInventory_0_8_6	Serca Blue	65.23685198742534	9999
14_CharInventory_0_8_8	Red	65.23685198742534	3
14_CharInventory_0_8_9	Fusion	65.23685198742534	401
14_CharInventory_0_9_4	Support Selection Chest	65.23685198742534	52
14_CharInventory_0_9_5	Lava's Breath	65.23685198742534	786
14_CharInventory_0_9_6	Serca Red	65.23685198742534	9999
14_CharInventory_0_9_8	Blue	65.23685198742534	
15_CharInventory_0_0_4	Leapstone Selection Chest	70.32594235053264	20
15_CharInventory_0_0_6	Fusion	70.32594235053264	14
15_CharInventory_0_0_7	Scroll 4 Armor	70.32594235053264	
15_CharInventory_0_0_8	Fusion	70.32594235053264	29
15_CharInventory_0_0_9	Fusion	70.32594235053264	6
15_CharInventory_0_1_0	Fusion	70.32594235053264	4
15_CharInventory_0_1_1	Fusion	70.32594235053264	22
15_CharInventory_0_1_2	Fusion	70.32594235053264	15
15_CharInventory_0_1_3	Fusion	70.32594235053264	4
15_CharInventory_0_6_5	Serca Special Leapstone	70.32594235053264	766
15_CharInventory_0_7_5	Special Leapstone	70.32594235053264	
15_CharInventory_0_7_6	Serca Leapstone	70.32594235053264	4805
15_CharInventory_0_7_8	Leapstone	70.32594235053264	374
15_CharInventory_0_7_9	Serca Fusion	70.32594235053264	1320
15_CharInventory_0_8_5	Glacier's Breath	70.32594235053264	1875
15_CharInventory_0_8_6	Serca Blue	70.32594235053264	9999
15_CharInventory_0_8_8	Red	70.32594235053264	3
15_CharInventory_0_8_9	Fusion	70.32594235053264	401
15_CharInventory_0_9_4	Support Selection Chest	70.32594235053264	52
15_CharInventory_0_9_5	Lava's Breath	70.32594235053264	786
15_CharInventory_0_9_6	Serca Red	70.32594235053264	9999
15_CharInventory_0_9_8	Blue	70.32594235053264	
16_CharInventory_0_0_4	Leapstone Selection Chest	75.09532177311642	20
16_CharInventory_0_0_6	Fusion	75.09532177311642	14
16_CharInventory_0_0_7	Scroll 4 Armor	75.09532177311642	
16_CharInventory_0_0_8	Fusion	75.09532177311642	29
16_CharInventory_0_0_9	Fusion	75.09532177311642	6
16_CharInventory_0_1_0	Fusion	75.09532177311642	4
16_CharInventory_0_1_1	Fusion	75.09532177311642	22
16_CharInventory_0_1_2	Fusion	75.09532177311642	15
16_CharInventory_0_1_3	Fusion	75.09532177311642	4
16_CharInventory_0_6_5	Serca Special Leapstone	75.09532177311642	766
16_CharInventory_0_7_5	Special Leapstone	75.09532177311642	
16_CharInventory_0_7_6	Serca Leapstone	75.09532177311642	4805
16_CharInventory_0_7_8	Leapstone	75.09532177311642	374
16_CharInventory_0_7_9	Serca Fusion	75.09532177311642	1320
16_CharInventory_0_8_5	Glacier's Breath	75.09532177311642	1875
16_CharInventory_0_8_6	Serca Blue	75.09532177311642	9999
16_CharInventory_0_8_8	Red	75.09532177311642	3
16_CharInventory_0_8_9	Fusion	75.09532177311642	401
16_CharInventory_0_9_4	Support Selection Chest	75.09532177311642	52
16_CharInventory_0_9_5	Lava's Breath	75.09532177311642	786
16_CharInventory_0_9_6	Serca Red	75.09532177311642	9999
16_CharInventory_0_9_8	Blue	75.09532177311642	
17_CharInventory_0_0_4	Leapstone Selection Chest	80.15257113471888	20
17_CharInventory_0_0_6	Fusion	80.15257113471888	14
17_CharInventory_0_0_7	Scroll 4 Armor	80.15257113471888	
17_CharInventory_0_0_8	Fusion	80.15257113471888	29
17_CharInventory_0_0_9	Fusion	80.15257113471888	6
17_CharInventory_0_1_0	Fusion	80.15257113471888	4
17_CharInventory_0_1_1	Fusion	80.15257113471888	22
17_CharInventory_0_1_2	Fusion	80.15257113471888	15
17_CharInventory_0_1_3	Fusion	80.15257113471888	4
17_CharInventory_0_6_5	Serca Special Leapstone	80.15257113471888	766
17_CharInventory_0_7_5	Special Leapstone	80.15257113471888	
17_CharInventory_0_7_6	Serca Leapstone	80.15257113471888	4805
17_CharInventory_0_7_8	Leapstone	80.15257113471888	374
17_CharInventory_0_7_9	Serca Fusion	80.15257113471888	1320
17_CharInventory_0_8_5	Glacier's Breath	80.15257113471888	1875
17_CharInventory_0_8_6	Serca Blue	80.15257113471888	9999
17_CharInventory_0_8_8	Red	80.15257113471888	3
17_CharInventory_0_8_9	Fusion	80.15257113471888	401
17_CharInventory_0_9_4	Support Selection Chest	80.15257113471888	52
17_CharInventory_0_9_5	Lava's Breath	80.15257113471888	786
17_CharInventory_0_9_6	Serca Red	80.15257113471888	9999
17_CharInventory_0_9_8	Blue	80.15257113471888	
18_CharInventory_0_0_4	Leapstone Selection Chest	85.03901772950726	20
18_CharInventory_0_0_6	Fusion	85.03901772950726	14
18_CharInventory_0_0_7	Scroll 4 Armor	85.03901772950726	
18_CharInventory_0_0_8	Fusion	85.03901772950726	29
18_CharInventory_0_0_9	Fusion	85.03901772950726	6
18_CharInventory_0_1_0	Fusion	85.03901772950726	4
18_CharInventory_0_1_1	Fusion	85.03901772950726	22
18_CharInventory_0_1_2	Fusion	85.03901772950726	15
18_CharInventory_0_1_3	Fusion	85.03901772950726	4
18_CharInventory_0_6_5	Serca Special Leapstone	85.03901772950726	766
18_CharInventory_0_7_5	Special Leapstone	85.03901772950726	
18_CharInventory_0_7_6	Serca Leapstone	85.03901772950726	4805
18_CharInventory_0_7_8	Leapstone	85.03901772950726	374
18_CharInventory_0_7_9	Serca Fusion	85.03901772950726	1320
18_CharInventory_0_8_5	Glacier's Breath	85.03901772950726	1875
18_CharInventory_0_8_6	Serca Blue	85.03901772950726	9999
18_CharInventory_0_8_8	Red	85.03901772950726	3
18_CharInventory_0_8_9	Fusion	85.03901772950726	401
18_CharInventory_0_9_4	Support Selection Chest	85.03901772950726	52
18_CharInventory_0_9_5	Lava's Breath	85.03901772950726	786
18_CharInventory_0_9_6	Serca Red	85.03901772950726	9999
18_CharInventory_0_9_8	Blue	85.03901772950726	
19_CharInventory_0_0_4	Leapstone Selection Chest	89.61915111382864	20
19_CharInventory_0_0_6	Fusion	89.61915111382864	14
19_CharInventory_0_0_7	Scroll 4 Armor	89.61915111382864	
19_CharInventory_0_0_8	Fusion	89.61915111382864	29
19_CharInventory_0_0_9	Fusion	89.61915111382864	6
19_CharInventory_0_1_0	Fusion	89.61915111382864	4
19_CharInventory_0_1_1	Fusion	89.61915111382864	22
19_CharInventory_0_1_2	Fusion	89.61915111382864	15
19_CharInventory_0_1_3	Fusion	89.61915111382864	4
19_CharInventory_0_6_5	Serca Special Leapstone	89.61915111382864	766
19_CharInventory_0_7_5	Special Leapstone	89.61915111382864	
19_CharInventory_0_7_6	Serca Leapstone	89.61915111382864	4805
19_CharInventory_0_7_8	Leapstone	89.61915111382864	374
19_CharInventory_0_7_9	Serca Fusion	89.61915111382864	1320
19_CharInventory_0_8_5	Glacier's Breath	89.61915111382864	1875
19_CharInventory_0_8_6	Serca Blue	89.61915111382864	9999
19_CharInventory_0_8_8	Red	89.61915111382864	3
19_CharInventory_0_8_9	Fusion	89.61915111382864	401
19_CharInventory_0_9_4	Support Selection Chest	89.61915111382864	52
19_CharInventory_0_9_5	Lava's Breath	89.61915111382864	786
19_CharInventory_0_9_6	Serca Red	89.61915111382864	9999
19_CharInventory_0_9_8	Blue	89.61915111382864	
20_CharInventory_0_0_4	Leapstone Selection Chest	94.2802030084902	20
20_CharInventory_0_0_6	Fusion	94.2802030084902	14
20_CharInventory_0_0_7	Scroll 4 Armor	94.2802030084902	
20_CharInventory_0_0_8	Fusion	94.2802030084902	29
20_CharInventory_0_0_9	Fusion	94.2802030084902	6
20_CharInventory_0_1_0	Fusion	94.2802030084902	4
20_CharInventory_0_1_1	Fusion	94.2802030084902	22
20_CharInventory_0_1_2	Fusion	94.2802030084902	15
20_CharInventory_0_1_3	Fusion	94.2802030084902	4
20_CharInventory_0_6_5	Serca Special Leapstone	94.2802030084902	766
20_CharInventory_0_7_5	Special Leapstone	94.2802030084902	
20_CharInventory_0_7_6	Serca Leapstone	94.2802030084902	4805
20_CharInventory_0_7_8	Leapstone	94.2802030084902	374
20_CharInventory_0_7_9	Serca Fusion	94.2802030084902	1320
20_CharInventory_0_8_5	Glacier's Breath	94.2802030084902	1875
20_CharInventory_0_8_6	Serca Blue	94.2802030084902	9999
20_CharInventory_0_8_8	Red	94.2802030084902	3
20_CharInventory_0_8_9	Fusion	94.2802030084902	401
20_CharInventory_0_9_4	Support Selection Chest	94.2802030084902	52
20_CharInventory_0_9_5	Lava's Breath	94.2802030084902	786
20_CharInventory_0_9_6	Serca Red	94.2802030084902	9999
20_CharInventory_0_9_8	Blue	94.2802030084902	
