00_CharInventory_0_1_3	Fusion	57.94645754983631	11
00_CharInventory_0_1_4	Fusion	57.94645754983631	15
00_CharInventory_0_1_7	Scroll 4 Weapon	57.94645754983631	
00_CharInventory_0_2_4	Fusion	57.94645754983631	6
00_CharInventory_0_2_5	Fusion	57.94645754983631	2
00_CharInventory_0_2_6	Fusion	57.94645754983631	
00_CharInventory_0_2_7	Fusion	57.94645754983631	8
00_CharInventory_0_2_8	Fusion	57.94645754983631	3
00_CharInventory_0_7_6	Serca Red	57.94645754983631	9999
00_CharInventory_0_7_8	Red	57.94645754983631	4
00_CharInventory_0_7_9	Lava's Breath	57.94645754983631	84
00_CharInventory_0_8_0	Serca Special Leapstone	57.94645754983631	102
00_CharInventory_0_8_1	Fusion	57.94645754983631	104
00_CharInventory_0_8_6	Serca Blue	57.94645754983631	9999
00_CharInventory_0_8_8	Blue	57.94645754983631	2
00_CharInventory_0_8_9	Glacier's Breath	57.94645754983631	253
00_CharInventory_0_9_0	Special Leapstone	57.94645754983631	5
00_CharInventory_0_9_6	Serca Leapstone	57.94645754983631	1182
00_CharInventory_0_9_8	Leapstone	57.94645754983631	5
00_CharStorage_1_0_0	Blue	57.94645754983631	3
00_CharStorage_1_7_9	Serca Leapstone	57.94645754983631	3
00_Roster_1_1_1	Fusion	57.94645754983631	Lv
00_Roster_1_1_2	Fusion	57.94645754983631	Lv
00_Roster_1_1_3	Fusion	57.94645754983631	Lv
00_Roster_1_1_4	Fusion	57.94645754983631	Lv
00_Roster_1_2_0	Fusion	57.94645754983631	Lv
00_Roster_1_4_0	Fusion Selection Chest	57.94645754983631	25
00_Roster_1_4_2	Support Selection Chest	57.94645754983631	7
00_Roster_1_6_0	Guardian Stone Pouch	57.94645754983631	100
00_Roster_1_6_1	Destruction Stone Pouch	57.94645754983631	5
00_Roster_1_6_4	Shard Selection Chest	57.94645754983631	809
00_Roster_1_6_5	Serca Fusion	57.94645754983631	43
00_Roster_1_7_0	Guardian Stone Pouch	57.94645754983631	219
00_Roster_1_7_1	Destruction Stone Pouch	57.94645754983631	107
00_Roster_1_7_3	Leapstone Selection Chest	57.94645754983631	70
00_Roster_1_8_0	Serca Blue	57.94645754983631	9999
00_Roster_1_8_1	Serca Red	57.94645754983631	9999
00_Roster_1_8_2	Serca Leapstone	57.94645754983631	597
00_Roster_1_8_3	Leapstone Selection Chest	57.94645754983631	86
00_Roster_1_9_0	Blue	57.94645754983631	869
00_Roster_1_9_1	Red	57.94645754983631	9999
00_Roster_1_9_2	Leapstone	57.94645754983631	
00_Roster_1_9_3	Support Selection Chest	57.94645754983631	49
01_CharInventory_0_8_8	Blue	57.94645754983631	5
01_CharInventory_0_9_6	Serca Leapstone	57.94645754983631	1185
01_CharStorage_0_0_0	Serca Blue	57.94645754983631	3
01_CharStorage_0_5_1	Scroll 1 Armor	57.94645754983631	
01_CharStorage_0_9_9	Serca Red	57.94645754983631	3
02_CharInventory_0_0_5	Fusion	60.089628402079	10
02_CharInventory_0_0_7	Fusion	60.089628402079	20
02_CharInventory_0_0_8	Fusion	60.089628402079	4
02_CharInventory_0_0_9	Fusion	60.089628402079	3
02_CharInventory_0_1_0	Fusion	60.089628402079	15
02_CharInventory_0_1_1	Fusion	60.089628402079	11
02_CharInventory_0_1_2	Fusion	60.089628402079	3
02_CharInventory_0_1_4	Fusion	60.089628402079	Lv
02_CharInventory_0_1_5	Fusion	60.089628402079	Lv
02_CharInventory_0_6_5	Serca Special Leapstone	60.089628402079	168
02_CharInventory_0_6_6	Serca Fusion	60.089628402079	430
02_CharInventory_0_7_5	Special Leapstone	60.089628402079	
02_CharInventory_0_7_6	Serca Leapstone	60.089628402079	3876
02_CharInventory_0_8_5	Glacier's Breath	60.089628402079	1170
02_CharInventory_0_8_6	Serca Blue	60.089628402079	9999
02_CharInventory_0_9_4	Support Selection Chest	60.089628402079	33
02_CharInventory_0_9_5	Lava's Breath	60.089628402079	938
02_CharInventory_0_9_6	Serca Red	60.089628402079	9999
03_CharInventory_0_0_4	Fusion	60.089628402079	10
03_CharInventory_0_0_7	Fusion	60.089628402079	18
03_CharInventory_0_1_0	Fusion	60.089628402079	14
03_CharInventory_0_1_1	Fusion	60.089628402079	10
03_CharInventory_0_1_5	Fusion	60.089628402079	Lv
03_CharInventory_0_6_5	Serca Special Leapstone	60.089628402079	143
03_CharInventory_0_7_6	Serca Leapstone	60.089628402079	3462
03_CharInventory_0_7_8	Leapstone	60.089628402079	374
03_CharInventory_0_8_5	Lava's Breath	60.089628402079	878
03_CharInventory_0_8_8	Red	60.089628402079	3
03_CharInventory_0_8_9	Fusion	60.089628402079	
03_CharInventory_0_9_4	Support Selection Chest	60.089628402079	32
03_CharInventory_0_9_5	Glacier's Breath	60.089628402079	1110
03_CharInventory_0_9_8	Blue	60.089628402079	
04_CharInventory_0_0_1	Fusion	47.9982885390296	Lv
04_CharInventory_0_4_8	Lava's Breath	47.9982885390296	217
04_CharInventory_0_4_9	Glacier's Breath	47.9982885390296	69
04_CharInventory_0_7_4	Fusion	47.9982885390296	30
04_CharInventory_0_7_5	Fusion	47.9982885390296	45
04_CharInventory_0_7_6	Fusion	47.9982885390296	19
04_CharInventory_0_7_7	Fusion	47.9982885390296	8
04_CharInventory_0_7_8	Fusion	47.9982885390296	10
04_CharInventory_0_7_9	Fusion	47.9982885390296	7
04_CharInventory_0_9_0	Serca Red	47.9982885390296	9999
04_CharInventory_0_9_1	Serca Blue	47.9982885390296	9999
04_CharInventory_0_9_2	Serca Leapstone	47.9982885390296	5777
04_CharInventory_0_9_3	Serca Fusion	47.9982885390296	1935
04_CharInventory_0_9_7	Lava's Breath	47.9982885390296	1515
04_CharInventory_0_9_8	Glacier's Breath	47.9982885390296	1819
04_CharInventory_0_9_9	Serca Special Leapstone	47.9982885390296	179
04_CharStorage_0_7_0	Leapstone Selection Chest	47.9982885390296	85
04_CharStorage_0_7_1	Leapstone Selection Chest	47.9982885390296	8
04_CharStorage_0_7_2	Leapstone Selection Chest	47.9982885390296	10
04_CharStorage_0_8_0	Support Selection Chest	47.9982885390296	4
04_CharStorage_0_9_0	Fusion Selection Chest	47.9982885390296	65
04_CharStorage_0_9_1	Fusion Selection Chest	47.9982885390296	20
04_CharStorage_0_9_4	Fusion Selection Chest	47.9982885390296	12
04_CharStorage_0_9_6	Red	47.9982885390296	2
04_CharStorage_0_9_7	Leapstone	47.9982885390296	3
04_CharStorage_0_9_8	Fusion	47.9982885390296	2
04_CharStorage_0_9_9	Special Leapstone	47.9982885390296	4
04_Roster_0_0_0	Serca Red	47.9982885390296	9999
04_Roster_0_0_1	Serca Blue	47.9982885390296	9999
04_Roster_0_0_2	Serca Leapstone	47.9982885390296	1147
04_Roster_0_0_3	Serca Fusion	47.9982885390296	2880
04_Roster_0_1_0	Red	47.9982885390296	9999
04_Roster_0_1_1	Blue	47.9982885390296	9999
04_Roster_0_1_2	Leapstone	47.9982885390296	1550
04_Roster_0_1_3	Fusion	47.9982885390296	2845
04_Roster_0_3_2	Destruction Stone Pouch	47.9982885390296	211
04_Roster_0_3_3	Guardian Stone Pouch	47.9982885390296	442
04_Roster_0_3_4	Destruction Stone Pouch	47.9982885390296	73
04_Roster_0_3_5	Guardian Stone Pouch	47.9982885390296	190
04_Roster_0_6_4	Shard Selection Chest	47.9982885390296	689
04_Roster_0_7_2	Leapstone Selection Chest	47.9982885390296	200
04_Roster_0_8_3	Support Selection Chest	47.9982885390296	480
04_Roster_0_8_4	Support Selection Chest	47.9982885390296	38
04_Roster_0_8_5	Support Selection Chest	47.9982885390296	139
04_Roster_0_9_3	Fusion Selection Chest	47.9982885390296	12
04_Roster_0_9_5	Fusion Selection Chest	47.9982885390296	67
05_CharInventory_0_0_3	Fusion	69.49289349472791	7
05_CharInventory_0_9_0	Serca Red	69.49289349472791	9999
05_CharInventory_0_9_1	Serca Blue	69.49289349472791	9999
05_CharInventory_0_9_2	Serca Leapstone	69.49289349472791	5156
05_CharInventory_0_9_3	Lava's Breath	69.49289349472791	927
06_CharInventory_0_0_2	Fusion	69.49289349472791	3
06_CharInventory_0_9_0	Serca Red	69.49289349472791	1579
06_CharInventory_0_9_2	Serca Leapstone	69.49289349472791	2472
06_CharInventory_0_9_3	Lava's Breath	69.49289349472791	397
06_CharInventory_0_9_4	Glacier's Breath	69.49289349472791	17
06_CharInventory_0_9_5	Special Leapstone	69.49289349472791	21
06_CharInventory_0_9_7	Red	69.49289349472791	9433
06_CharInventory_0_9_8	Blue	69.49289349472791	
06_CharInventory_0_9_9	Leapstone	69.49289349472791	130
08_CharStorage_0_0_4	Fusion	70.24398168519791	403
08_CharStorage_0_1_2	Fusion	70.24398168519791	22
08_CharStorage_0_1_3	Fusion	70.24398168519791	8
08_CharStorage_0_1_4	Fusion	70.24398168519791	3
08_CharStorage_0_1_5	Fusion	70.24398168519791	16
08_CharStorage_0_1_6	Fusion	70.24398168519791	6
08_CharStorage_0_1_7	Fusion	70.24398168519791	3
08_Roster_0_0_2	Support Selection Chest	70.24398168519791	5
08_Roster_0_1_5	Fusion	70.24398168519791	Lv
08_Roster_0_2_0	Fusion	70.24398168519791	Lv
08_Roster_0_2_1	Fusion	70.24398168519791	Lv
09_CharStorage_0_0_4	Fusion	69.97282529474019	403
09_CharStorage_0_1_2	Fusion	69.97282529474019	22
09_CharStorage_0_1_3	Fusion	69.97282529474019	8
09_CharStorage_0_1_4	Fusion	69.97282529474019	3
09_CharStorage_0_1_5	Fusion	69.97282529474019	16
09_CharStorage_0_1_6	Fusion	69.97282529474019	6
09_CharStorage_0_1_7	Fusion	69.97282529474019	3
09_Roster_0_0_2	Support Selection Chest	69.97282529474019	5
09_Roster_0_1_5	Fusion	69.97282529474019	Lv
09_Roster_0_2_1	Fusion	69.97282529474019	Lv
10_CharStorage_1_2_2	Fusion	69.97282529474019	23
13_CharInventory_0_0_2	Fusion	59.8390747981406	20
13_CharInventory_0_0_3	Scroll 4 Armor	59.8390747981406	2
13_CharInventory_0_0_5	Fusion	59.8390747981406	33
13_CharInventory_0_0_6	Fusion	59.8390747981406	8
13_CharInventory_0_0_7	Fusion	59.8390747981406	4
13_CharInventory_0_0_8	Fusion	59.8390747981406	26
13_CharInventory_0_0_9	Fusion	59.8390747981406	15
13_CharInventory_0_1_0	Fusion	59.8390747981406	6
13_CharInventory_0_1_7	Fusion	59.8390747981406	Lv
13_CharInventory_0_6_5	Serca Special Leapstone	59.8390747981406	830
13_CharInventory_0_7_6	Serca Leapstone	59.8390747981406	5901
13_CharInventory_0_7_8	Leapstone	59.8390747981406	374
13_CharInventory_0_7_9	Serca Fusion	59.8390747981406	1395
13_CharInventory_0_8_6	Serca Blue	59.8390747981406	9999
13_CharInventory_0_8_8	Red	59.8390747981406	3
13_CharInventory_0_8_9	Fusion	59.8390747981406	401
13_CharInventory_0_9_6	Serca Red	59.8390747981406	9999
13_CharInventory_0_9_8	Blue	59.8390747981406	
13_CharStorage_0_5_5	Serca Leapstone	59.8390747981406	3
13_CharStorage_0_7_0	Leapstone	59.8390747981406	3
13_CharStorage_0_7_1	Serca Leapstone	59.8390747981406	5
13_CharStorage_0_8_5	Lava's Breath	59.8390747981406	227
13_CharStorage_0_9_9	Glacier's Breath	59.8390747981406	185
13_Roster_0_0_0	Weapon Book	59.8390747981406	
13_Roster_0_0_1	Weapon Book	59.8390747981406	22
13_Roster_0_0_2	Weapon Book	59.8390747981406	18
13_Roster_0_0_4	Weapon Book	59.8390747981406	
13_Roster_0_0_5	Weapon Book	59.8390747981406	
13_Roster_0_1_0	Weapon Book	59.8390747981406	
13_Roster_0_1_1	Weapon Book	59.8390747981406	11
13_Roster_0_1_2	Weapon Book	59.8390747981406	21
13_Roster_0_1_3	Scroll 3 Weapon	59.8390747981406	12
13_Roster_0_2_4	Scroll 4 Weapon	59.8390747981406	20
13_Roster_0_2_5	Scroll 4 Armor	59.8390747981406	83
13_Roster_0_3_0	Scroll 3 Armor	59.8390747981406	38
14_CharInventory_0_0_2	Fusion	60.089628402079	20
14_CharInventory_0_0_3	Scroll 4 Armor	60.089628402079	2
14_CharInventory_0_0_5	Fusion	60.089628402079	33
14_CharInventory_0_0_6	Fusion	60.089628402079	8
14_CharInventory_0_0_7	Fusion	60.089628402079	4
14_CharInventory_0_0_8	Fusion	60.089628402079	26
14_CharInventory_0_0_9	Fusion	60.089628402079	15
14_CharInventory_0_1_0	Fusion	60.089628402079	6
14_CharInventory_0_1_7	Fusion	60.089628402079	Lv
14_CharInventory_0_7_9	Serca Fusion	60.089628402079	1395
14_CharInventory_0_8_9	Fusion	60.089628402079	401
15_CharInventory_0_6_5	Serca Special Leapstone	60.089628402079	830
15_CharInventory_0_7_6	Serca Leapstone	60.089628402079	5901
15_CharInventory_0_8_5	Glacier's Breath	60.089628402079	2022
15_CharInventory_0_9_4	Support Selection Chest	60.089628402079	62
15_CharInventory_0_9_5	Lava's Breath	60.089628402079	819
15_CharInventory_0_9_6	Serca Red	60.089628402079	9999
16_CharInventory_0_6_5	Serca Special Leapstone	57.92425191123111	830
16_CharInventory_0_7_5	Special Leapstone	57.92425191123111	
16_CharInventory_0_8_5	Glacier's Breath	57.92425191123111	2022
16_CharInventory_0_9_4	Support Selection Chest	57.92425191123111	62
16_CharInventory_0_9_5	Lava's Breath	57.92425191123111	819
16_CharInventory_0_9_6	Serca Red	57.92425191123111	9999
16_CharStorage_0_9_5	Glacier's Breath	57.92425191123111	185
17_CharInventory_0_7_9	Serca Fusion	57.94645754983631	1395
17_CharStorage_1_0_1	Shard Selection Chest	57.94645754983631	30
18_CharStorage_0_9_9	Glacier's Breath	57.92425191123111	185
18_Roster_1_1_1	Fusion	57.92425191123111	Lv
18_Roster_1_1_2	Fusion	57.92425191123111	Lv
18_Roster_1_1_3	Fusion	57.92425191123111	Lv
18_Roster_1_2_0	Fusion	57.92425191123111	Lv
18_Roster_1_4_0	Fusion Selection Chest	57.92425191123111	25
18_Roster_1_4_2	Support Selection Chest	57.92425191123111	7
18_Roster_1_6_0	Guardian Stone Pouch	57.92425191123111	100
18_Roster_1_6_1	Destruction Stone Pouch	57.92425191123111	5
18_Roster_1_7_0	Guardian Stone Pouch	57.92425191123111	219
18_Roster_1_7_1	Destruction Stone Pouch	57.92425191123111	107
18_Roster_1_8_0	Serca Blue	57.92425191123111	9999
18_Roster_1_8_1	Serca Red	57.92425191123111	9999
18_Roster_1_8_2	Serca Leapstone	57.92425191123111	597
18_Roster_1_9_0	Blue	57.92425191123111	869
18_Roster_1_9_1	Red	57.92425191123111	9999
18_Roster_1_9_2	Leapstone	57.92425191123111	
19_Roster_0_0_0	Armor Book	57.92425191123111	
19_Roster_0_0_1	Armor Book	57.92425191123111	22
19_Roster_0_0_2	Armor Book	57.92425191123111	18
19_Roster_0_0_4	Armor Book	57.92425191123111	
19_Roster_0_0_5	Armor Book	57.92425191123111	
19_Roster_0_1_0	Armor Book	57.92425191123111	
19_Roster_0_1_1	Armor Book	57.92425191123111	11
19_Roster_0_1_2	Armor Book	57.92425191123111	21
19_Roster_0_1_3	Scroll 3 Weapon	57.92425191123111	12
19_Roster_0_2_4	Scroll 4 Weapon	57.92425191123111	20
19_Roster_0_2_5	Scroll 4 Armor	57.92425191123111	83
19_Roster_0_3_0	Scroll 3 Armor	57.92425191123111	38
20_CharInventory_0_0_4	Leapstone Selection Chest	49.88076562275795	20
20_CharInventory_0_0_6	Fusion	49.88076562275795	14
20_CharInventory_0_0_7	Scroll 4 Armor	49.88076562275795	
20_CharInventory_0_0_8	Fusion	49.88076562275795	29
20_CharInventory_0_0_9	Fusion	49.88076562275795	6
20_CharInventory_0_1_0	Fusion	49.88076562275795	4
20_CharInventory_0_1_1	Fusion	49.88076562275795	22
20_CharInventory_0_1_2	Fusion	49.88076562275795	15
20_CharInventory_0_1_3	Fusion	49.88076562275795	4
20_CharInventory_0_6_5	Serca Special Leapstone	49.88076562275795	766
20_CharInventory_0_7_5	Special Leapstone	49.88076562275795	
20_CharInventory_0_7_6	Serca Leapstone	49.88076562275795	4805
20_CharInventory_0_7_9	Serca Fusion	49.88076562275795	1320
20_CharInventory_0_8_5	Glacier's Breath	49.88076562275795	1875
20_CharInventory_0_8_8	Red	49.88076562275795	3
20_CharInventory_0_9_4	Support Selection Chest	49.88076562275795	52
20_CharInventory_0_9_5	Lava's Breath	49.88076562275795	786
20_CharInventory_0_9_8	Blue	49.88076562275795	
